,CHE,CC,CTD,HRHE_i,HRC_i,HRHE_o,HRC_o,CBS,CTnCTR,PCS,MCTD
none,-0.6068846783635383,-4.91,-0.003580276668513981,0.07490670924351077,0.24,-0.0033855926837193253,-0.09,-0.00391981789073077,-0.04801213561754673,-0.13314708758656896,-0.06234184910137998
f,0.8680211792328032,6.38,-0.003788899243116095,0.05342722132859537,0.16,0.03053373767706867,-0.09,0.008037983789552125,-0.034395988019351044,-0.13609438703999116,-0.07294954337093348
fh,0.6393287531076719,4.73,-0.0885586941478548,0.04350194620131848,0.25,-0.08302578683182459,-0.19,-0.05776295900959182,-0.061245834738251334,-0.1623449839515509,-0.08440783235685047
fhl,0.10066379605688644,-0.23,0.009715912890427763,0.06656553857835457,0.23,0.04640861870898846,0.0,0.027770949769893173,-0.04526684886036165,-0.142949158664634,-0.08152095582101009
hl,-0.4508090394827191,-4.14,0.03911028136252146,0.10038556019369572,0.34,0.030742282321300093,-0.05,0.018670668125049937,-0.052879675400452256,-0.15018777824394047,-0.06968904167070583
l,-0.6615245526994086,-5.25,-0.001164307824138211,0.07876434603953873,0.39,-0.031135026987816408,-0.08,-0.02743551769246281,-0.05443430051810187,-0.15404048041319465,-0.08587957946426757
