,CHE,CC,CTD,HRHE_i,HRC_i,HRHE_o,HRC_o,CBS,CTnCTR,PCS,MCTD
none,-4.4948448034111246e+27,-3.1691265005705737e+28,3.5182636635469466e+25,-7.496272533356304e+26,6.338253001141147e+27,-3.764425625291756e+26,0.0,-2.0849516451122225e+26,-1.5863058964364256e+27,-1.8830134105973785e+27,-1.348751187278243e+27
f,-5.678246668206113e+27,-2.535301200456459e+28,3.648283841458715e+27,6.07557906423314e+27,1.2676506002282294e+28,3.871806157548341e+27,6.338253001141147e+27,1.9014759003423441e+27,-3.613916184861185e+26,-5.677081810419271e+26,-1.5057792038104225e+27
fh,2.8891941067112894e+27,1.2676506002282294e+28,-1.7808779782193622e+27,9.264429503038259e+26,0.0,-3.769507498829594e+26,0.0,-8.803129168251593e+26,-1.4035758394135403e+27,-2.4254937471472158e+27,-1.2920564352255133e+27
fhl,2.930524836001378e+27,6.338253001141147e+27,2.7176006764350863e+26,1.0775945880427849e+27,1.2676506002282294e+28,8.406810836905061e+26,6.338253001141147e+27,6.671845264359088e+25,6.0586241922672725e+26,-1.3694539963667098e+27,-5.034325221519812e+26
hl,-3.0747956773538883e+27,-4.436777100798803e+28,-3.213484850413726e+26,-3.637964074095614e+27,0.0,-9.249796917851771e+26,-6.338253001141147e+27,-6.434469365484848e+26,-5.5812780437856134e+26,-1.9011526171109632e+27,-4.0762763370161285e+26
l,-8.170825746885921e+27,-5.704427701027032e+28,8.591207554246996e+25,3.8039917379516413e+27,1.2676506002282294e+28,1.8725620063219002e+27,6.338253001141147e+27,5.511524348818385e+26,4.9603719139365494e+26,-3.0438977216252555e+26,5.1867085811733645e+26
