,CHE,CC,CTD,HRHE_i,HRC_i,HRHE_o,HRC_o,CBS,CTnCTR,PCS,MCTD
none,-0.8869685131877005,-7.26,-0.05153835241242611,-0.051960890643612874,0.03,-0.06283144209745434,-0.16,-0.025517461857821444,-0.04824295664402295,-0.16300199254985132,-0.0726384129952641
f,0.8445659623989173,6.33,-0.056918502413240465,0.05409861376070871,0.07,0.03481817179503157,-0.1,0.03892528792176014,-0.0465277800808098,-0.12799250348521643,-0.06543788045251088
fh,0.819862303578189,5.91,-0.0472476307835532,0.16290319634010383,0.33,0.09363345834036595,0.06,0.04569529453828153,-0.0512425736652583,-0.1256009755281347,-0.07703488517145982
fhl,-0.15198705359529469,-1.56,0.009711111414819023,0.09307120263780197,0.33,0.02132486599545509,-0.04,0.007927477925503768,-0.053617307189190694,-0.14386879250047288,-0.08046382833500437
hl,-0.6698350841471661,-5.88,0.03311446393801431,0.11814380302629388,0.37,0.03582209363619095,-0.02,0.008643419130787453,-0.04813786118424775,-0.15691834659217904,-0.06859371359538483
l,-0.7827988915407001,-6.21,0.042765467501095465,0.02890041235647791,0.31,0.08366708739660383,0.05,0.0538777645869995,-0.06600344702343924,-0.171328565923024,-0.09285897770751943
