,CHE,CC,CTD,HRHE_i,HRC_i,HRHE_o,HRC_o,CBS,CTnCTR,PCS,MCTD
none,-0.7399521823317212,-6.35,-0.007993676928100914,-0.0005113131075671184,0.01,-0.0648786541434648,-0.26,-0.02825423513294539,-0.0743908647049855,-0.15882126747584047,-0.08953213928224385
f,0.8419559159018161,5.96,-0.006567265678799301,0.12783807358821078,0.31,0.01952810812205048,-0.08,0.001282337868128976,-0.039576477966763654,-0.11440853286303007,-0.07159222951862919
fh,0.8516423613074643,6.06,-0.06559094725715758,0.037910382997267844,0.08,-0.014463903165837486,-0.13,0.004505938200858826,-0.05712873576549618,-0.15058942151882623,-0.09672139263985785
fhl,-0.08033063093524896,-0.98,0.01563590621389129,0.11203267941736172,0.23,0.03270065330652115,-0.04,0.02941605786627154,-0.05565416727891905,-0.13396828462545848,-0.07339596623416572
hl,-0.7398406712924099,-5.76,-0.016574809212636207,0.07828839339743761,0.23,0.010886168827096743,-0.01,0.0021664572492039722,-0.059517162683425134,-0.14914971373597774,-0.06477416407788414
l,-0.7987328186645226,-6.44,-0.001993322289974374,0.05715828164708169,0.22,0.023026375710444448,-0.15,0.02658614711675478,-0.05402426361992289,-0.14905926983989679,-0.06081769193907898
