,CHE,CC,CTD,HRHE_i,HRC_i,HRHE_o,HRC_o,CBS,CTnCTR,PCS,MCTD
none,-0.12044805069108547,-1.75,-0.003384506712166516,-0.04739879490251482,-0.06,0.0265911596774414,0.22,-0.013021723852412168,0.03420002081198505,0.08562402763869104,0.04283755195784153
f,-0.5064724786045711,-3.12,0.07051388728887137,-0.05068973645393763,-0.22,-0.033055660446702384,0.02,-0.003606849537485272,0.01850938455139195,0.11682979039287689,0.05687476322519409
fh,-0.23240513339861402,-0.81,0.09974012166570237,-0.035713203733089234,-0.25,-0.04373418434748954,0.07,-0.01983194063420115,0.02953244851533733,0.10019475983634624,0.060379603957960236
fhl,0.08820525045638916,0.32,-0.01925529553116307,-0.07474615112598794,-0.41,-0.025314603271584583,0.0,-0.005358989867896994,0.018788004717832613,0.10419324067382725,0.04174267799321237
hl,-0.31835551520215605,-2.9,-0.009816249158518376,-0.13693364311163886,-0.3,-0.03847066885447909,0.05,-0.020141980728930916,0.020161919085685157,0.07600500601905798,0.03574570841430949
l,-0.262496056919878,-2.43,-0.014479654129299578,-0.08433962443597758,-0.29,0.005567182097095915,0.16,-0.023251576314146965,0.027034328307243168,0.07100030020841301,0.03344284664480199
