,CHE,CC,CTD,HRHE_i,HRC_i,HRHE_o,HRC_o,CBS,CTnCTR,PCS,MCTD
none,-0.14952583318405568,-1.69,-0.030227150079486825,-0.11079936497733932,-0.26,-0.013802140337093767,0.01,-0.0035462514109127325,0.026973784845156487,0.09934895748111211,0.04520009400177341
f,-0.4583386687473881,-2.65,0.08050343287664617,-0.0034140291452369087,-0.19,-0.013746878194213628,0.06,0.003970421075478745,0.0071732057033807375,0.09584381868769291,0.04592415658018775
fh,-0.3041252773710881,-1.85,0.069474893412358,-0.08322553058385507,-0.31,-0.010237030774198663,0.1,-0.008920416268967451,0.02768232970915552,0.0972991201093206,0.05103853983684728
fhl,0.1300527146887786,0.88,-0.03286311704721864,-0.06728568731617474,-0.22,0.0016691707098267007,0.08,-0.005607700055739018,0.02518596327660843,0.08415012849818095,0.033325321142923796
hl,-0.2315466911698404,-1.68,-0.02150237253218284,-0.12345536987988454,-0.4,-0.05871124107980338,-0.03,-0.039333354469238566,0.0194512734954934,0.07403217529957691,0.027097086114684785
l,-0.19810311438874212,-1.58,-0.01797355905770344,-0.0752358670103475,-0.21,-0.02106544103544943,0.08,-0.01927079866703365,-0.0022663315309785314,0.08882006505200297,0.041031176222156594
