,CHE,CC,CTD,HRHE_i,HRC_i,HRHE_o,HRC_o,CBS,CTnCTR,PCS,MCTD
none,2.9391202329529537e+27,6.338253001141147e+27,2.310080614939966e+27,4.384553057931776e+27,6.338253001141147e+27,3.5642160797880336e+27,6.338253001141147e+27,1.5845632502852868e+27,3.0549237437932597e+26,1.7057715002445474e+27,1.0474812811990728e+27
f,1.052975087793049e+28,9.50737950171172e+28,-1.305374397700169e+27,-2.2585890006150047e+27,-1.2676506002282294e+28,4.526338062525007e+26,-6.338253001141147e+27,3.5212516673006386e+26,8.302218719804562e+25,-2.080539753823067e+25,-1.8583851798936076e+26
fh,5.118963000418051e+27,4.436777100798803e+28,-5.0472892256291024e+26,2.091872836682261e+26,0.0,-2.2450401298773923e+27,-6.338253001141147e+27,1.4721103744585871e+26,2.2017379074741487e+25,-1.0433944204440422e+27,-9.491024665900469e+26
fhl,1.102562273303048e+27,1.2676506002282294e+28,6.154694234212205e+26,-5.616683213254074e+26,6.338253001141147e+27,-1.578965542995402e+26,0.0,-1.728614454856677e+26,-2.9218080985296796e+26,-7.021835679914258e+26,-5.663681605808234e+26
hl,-4.1037158029555884e+26,-6.338253001141147e+27,1.869005900628846e+26,9.034814553505442e+26,0.0,1.580997936953974e+27,0.0,1.1066790954373431e+27,1.4405120457139029e+26,2.905032625523033e+26,3.3402645248536168e+25
l,2.38185213314598e+27,1.2676506002282294e+28,-3.425222196346611e+26,-2.480244369210414e+27,-1.2676506002282294e+28,-5.3002308335039464e+26,-6.338253001141147e+27,5.076090065848971e+26,-5.824807046657965e+26,-5.538232361345101e+26,-1.1801223064517419e+26
