,none,f,fh,fhl,hl,l
SE,0.3576944761737607,0.47110624110206345,0.4532983926059035,0.44935611968688666,0.38618490829338836,0.3494679491441728
ED,0.2343005551981461,0.5150162725313265,0.5095272184463407,0.4926687764406005,0.306674890019452,0.22689265269006312
