,none,f,fh,fhl,hl,l
SE,0.2892838108822949,0.47728316592211584,0.46905255143835745,0.4418659918594276,0.3221305758040795,0.2965447373470272
ED,0.19445038417018107,0.522103047841287,0.5122826473171757,0.4467215846724225,0.24926685671717297,0.2081778431525592
