,none,f,fh,fhl,hl,l
SE,0.2866520222330732,0.522103047841287,0.522103047841287,0.44963500845354504,0.3333922202197588,0.28675522548569193
ED,0.18014805085530444,0.522103047841287,0.522103047841287,0.4659646412484646,0.2573958051703225,0.18238497428632078
