,none,f,fh,fhl,hl,l
SE,0.17371728967600844,0.7903722480953285,0.7759454177121738,0.37200882738190927,0.1729551286042881,0.14800149165860504
ED,0.19148362696521695,0.7529651337709836,0.7786780755306336,0.46798022954853047,0.195035567083823,0.19537227966981455
