,none,f,fh,fhl,hl,l
SE,0.11951280004682815,0.7307426901329801,0.7418106867412432,0.2755778807718304,0.12861774364757805,0.1249487967590299
ED,0.21958911625882463,0.7065765411712548,0.7388307673266172,0.42975879219953705,0.21254129682355594,0.21844857273674445
