epoch,step,train_loss,train_logits_loss,train_foreign_loss,train_home_loss,train_acc,val_loss,val_logits_loss,val_foreign_loss,val_home_loss,val_acc,sav_version
0,1266,0.09127171857923999,5.739863442630753,0.07356765991338715,0.07081623467665289,0.18486682958135842,0.0679081989395799,6.43482916282885,0.034959767747557526,0.03294843138957566,0.15460281905594406,1
