epoch,step,train_loss,train_logits_loss,train_foreign_loss,train_home_loss,train_acc,val_loss,val_logits_loss,val_foreign_loss,val_home_loss,val_acc,sav_version
0,1266,0.16344379611890086,1.0515321808121216,0.1108671861184293,0.12166617946967036,0.7295702507898892,1.436916506651676,1.360113637013869,0.0768028652351914,0.08721069099776672,0.6684422348484846,1
