epoch,step,train_loss,train_logits_loss,train_foreign_loss,train_home_loss,train_acc,val_loss,val_logits_loss,val_foreign_loss,val_home_loss,val_acc,sav_version
0,317,0.22092554081313617,0.6943177259306802,0.10819527740687226,0.043298489211438584,0.7857691883930228,1.4803328549160677,1.3723743522868437,0.07159644255743307,0.03636207037112292,0.6798637962728193,1
1,634,0.13445210036137126,0.6612494680031616,0.04513939491205787,0.023187757278748493,0.7908256401929862,1.3661347873070662,1.2840315068469328,0.052944656242342555,0.02915862838135046,0.6905406154918865,2
2,951,0.11776232900397635,0.6424796738271081,0.03462383400778101,0.01889052636310317,0.7959058310331228,1.3189219586989458,1.2476993413532482,0.04511066526174545,0.026111958329291904,0.6950771741886408,3
3,1268,0.10889095350018811,0.6269864400478568,0.029518581885691696,0.01667372674654805,0.8006989425797918,1.3028758063035852,1.2376372428501354,0.04081939533352852,0.024419160998042894,0.6979359470081137,4
4,1585,0.10305341629293815,0.6164905225816961,0.02624044629043021,0.015163916715476603,0.8043996596075337,1.280132202541127,1.2199421735370861,0.037222492892075985,0.022967544548651752,0.7009353606744421,5
5,1902,0.0985774540280694,0.6071416390619068,0.023782251279342814,0.014081037941180194,0.8070552064970309,1.2700718991896685,1.213256720234366,0.034780096262693405,0.02203508707530358,0.7023021520030428,6
6,2219,0.09503588820763567,0.5999024967289873,0.021888739937675487,0.013156897326702199,0.809649865466691,1.26224946975708,1.207762311486637,0.03303339945919374,0.021453765385291156,0.7033504215263693,7
