epoch,step,train_loss,train_logits_loss,train_foreign_loss,train_home_loss,train_acc,val_loss,val_logits_loss,val_foreign_loss,val_home_loss,val_acc,sav_version
0,1266,0.18901894149469067,1.2109098129833666,0.102197102045914,0.10510539108707818,0.6954889909162723,1.4497461571837917,1.3117949068546295,0.06767659476309111,0.07027465624339653,0.6719132430069928,1
