epoch,step,train_loss,train_logits_loss,train_foreign_loss,train_home_loss,train_acc,val_loss,val_logits_loss,val_foreign_loss,val_home_loss,val_acc,sav_version
0,1266,0.02461854614005505,0.4923709146148786,0.6906475956782722,0.7107804163372348,0.8440301639020539,1.6341092243339077,1.6341092243339077,0.7489055187413187,0.7571894585183172,0.6587512747668998,1
