epoch,step,train_loss,train_logits_loss,train_foreign_loss,train_home_loss,train_acc,val_loss,val_logits_loss,val_foreign_loss,val_home_loss,val_acc,sav_version
0,1266,0.07550297365899052,5.800290952126185,0.07550297365899052,0.074077682253297,0.17972205766192753,0.037106564099138435,6.258673530636412,0.037106564099138435,0.035312755682477444,0.15654683857808865,1
