epoch,step,train_loss,train_logits_loss,train_foreign_loss,train_home_loss,train_acc,val_loss,val_logits_loss,val_foreign_loss,val_home_loss,val_acc,sav_version
0,1266,0.06879841845547324,0.6686871856286251,0.18936697213570652,0.1414562341467276,0.8150122186018961,1.598618231939547,1.5057511338681886,0.1467862158562198,0.09286709615226948,0.6573554050116551,1
