,CHE,CC,CTD,HRHE_i,HRC_i,HRHE_o,HRC_o,CBS,CTnCTR,PCS,MCTD
fhl,0.7714285714285715,0.7428571428571429,0.37142857142857144,0.5,0.34285714285714286,0.5285714285714286,0.24285714285714285,0.4928571428571429,0.30714285714285716,0.2857142857142857,0.25
l,0.6714285714285714,0.7214285714285714,0.38571428571428573,0.4857142857142857,0.35714285714285715,0.45714285714285713,0.22142857142857142,0.4785714285714286,0.30714285714285716,0.2714285714285714,0.2357142857142857
