,CHE,CC,CTD,HRHE_i,HRC_i,HRHE_o,HRC_o,CBS,CTnCTR,PCS,MCTD
f,0.5471327885848121,2.335714285714286,-0.004180671223505713,0.08998147851587561,0.2357142857142857,-0.014582970370397873,-0.1,-0.02307796674532503,-0.05327504263288774,-0.12901404232522648,-0.07365553173666205
fh,0.5379257893607581,2.2357142857142858,0.003670259190013042,0.10249438769562699,0.22142857142857142,-0.00817658266151516,-0.11428571428571428,-0.018730073921731556,-0.051351001827061656,-0.12992066736961957,-0.08123416477690587
fhl,-0.17911293673037892,-1.7642857142857142,-0.021353323206689867,0.09730734291867939,0.25,0.010448781518257092,-0.1,0.01294483539942925,-0.055068128796800404,-0.14665001054133175,-0.07124569830872456
hl,-0.44890842642785145,-3.4642857142857144,-0.04900162422400971,0.08944805760270443,0.25,-0.01570271579229593,-0.12857142857142856,-0.02536754812068166,-0.052996306687820925,-0.12127474006350424,-0.06306949946819591
l,-0.4123422592942392,-2.8785714285714286,-0.044124507978307116,0.025890094062393194,0.10714285714285714,-0.05882862328574807,-0.17142857142857143,-0.03683210149794894,-0.05733714412177526,-0.11297157575458669,-0.06777826158937894
