,CHE,CC,CTD,HRHE_i,HRC_i,HRHE_o,HRC_o,CBS,CTnCTR,PCS,MCTD
f,0.7642857142857142,0.6142857142857143,0.4142857142857143,0.5642857142857143,0.42142857142857143,0.5071428571428571,0.20714285714285716,0.4928571428571429,0.3142857142857143,0.19285714285714287,0.2642857142857143
fh,0.7857142857142857,0.5928571428571429,0.4357142857142857,0.6357142857142857,0.4142857142857143,0.5142857142857142,0.2,0.5,0.3357142857142857,0.18571428571428572,0.2357142857142857
fhl,0.40714285714285714,0.3,0.39285714285714285,0.5928571428571429,0.4142857142857143,0.5357142857142857,0.20714285714285716,0.5571428571428572,0.3,0.16428571428571428,0.2571428571428571
hl,0.2642857142857143,0.22857142857142856,0.3357142857142857,0.5857142857142857,0.4142857142857143,0.5,0.19285714285714287,0.4857142857142857,0.30714285714285716,0.15714285714285714,0.29285714285714287
l,0.3142857142857143,0.24285714285714285,0.4142857142857143,0.5357142857142857,0.36428571428571427,0.45,0.17857142857142858,0.45714285714285713,0.29285714285714287,0.22857142857142856,0.2571428571428571
