,CHE,CC,CTD,HRHE_i,HRC_i,HRHE_o,HRC_o,CBS,CTnCTR,PCS,MCTD
fhl,0.49208291373099045,4.135714285714286,-0.06700030691172032,-0.034019594884530414,0.09285714285714286,-0.05605202737995403,-0.07142857142857142,-0.03939018534094637,-0.05298760808889563,-0.09764243640072201,-0.07535972508564012
l,0.288076868102754,3.407142857142857,-0.07045308817472903,-0.05463720505305106,-0.007142857142857143,-0.0443872633728061,-0.11428571428571428,-0.02280868782032699,-0.05761713654846035,-0.11311985282393693,-0.06987877439328416
