,CHE,CC,CTD,HRHE_i,HRC_i,HRHE_o,HRC_o,CBS,CTnCTR,PCS,MCTD
fhl,0.5902011311006864,4.55,-0.05463573903479942,0.021034644754969488,0.09285714285714286,-0.011666730463763337,-0.02857142857142857,-0.017514283644657305,-0.04926100994456504,-0.10102816618890194,-0.06853710155936896
