,CHE,CC,CTD,HRHE_i,HRC_i,HRHE_o,HRC_o,CBS,CTnCTR,PCS,MCTD
fhl,0.8785714285714286,0.8357142857142857,0.32857142857142857,0.4857142857142857,0.34285714285714286,0.4785714285714286,0.22857142857142856,0.45,0.3,0.21428571428571427,0.25
l,0.6642857142857143,0.7214285714285714,0.4142857142857143,0.5071428571428571,0.36428571428571427,0.4642857142857143,0.21428571428571427,0.4785714285714286,0.3,0.24285714285714285,0.25
f,0.6928571428571428,0.7071428571428572,0.36428571428571427,0.42857142857142855,0.32142857142857145,0.5,0.20714285714285716,0.4785714285714286,0.2857142857142857,0.29285714285714287,0.25
