,CHE,CC,CTD,HRHE_i,HRC_i,HRHE_o,HRC_o,CBS,CTnCTR,PCS,MCTD
fhl,0.7642857142857142,0.7714285714285715,0.3357142857142857,0.4357142857142857,0.34285714285714286,0.45,0.21428571428571427,0.44285714285714284,0.3142857142857143,0.2571428571428571,0.25
l,0.65,0.7,0.39285714285714285,0.42142857142857143,0.3,0.4785714285714286,0.19285714285714287,0.4857142857142857,0.3,0.22857142857142856,0.25
