,CHE,CC,CTD,HRHE_i,HRC_i,HRHE_o,HRC_o,CBS,CTnCTR,PCS,MCTD
fhl,0.6224856289604664,5.021428571428571,-0.060824756238812824,0.009311852990593743,0.06428571428571428,-0.03683935018740621,-0.04285714285714286,-0.03792121600237952,-0.05164519667320202,-0.12103136282867454,-0.07690206849175925
l,0.2717700854654817,3.3214285714285716,-0.07703023795365922,0.0038463927666000076,0.12142857142857143,-0.035857764897892844,-0.04285714285714286,-0.0282637439723241,-0.056834633576196135,-0.10564945852741554,-0.06841342440801491
f,0.2981659902035786,3.4357142857142855,-0.07706547993785617,-0.05288434549629813,0.03571428571428571,-0.03782930379362285,-0.1,-0.023970400196655774,-0.05992783863729926,-0.10697911573532502,-0.06963525954469828
