,CHE,CC,CTD,HRHE_i,HRC_i,HRHE_o,HRC_o,CBS,CTnCTR,PCS,MCTD
fhl,0.21917469952447854,1.0533333333333332,-0.04208203724008318,-0.08927172085161665,-0.21777777777777776,-0.05056786740897119,0.05333333333333334,-0.05028290417591978,0.006355773266680398,-0.016247428268168936,0.0033486708656475183
l,-0.6384185127179178,-5.4622222222222225,0.024361419492939546,-0.10178177532462644,-0.41333333333333333,-0.1269298285141096,-0.28444444444444444,-0.0658214969703557,0.004533777395265911,0.04649294512555598,0.01632600639279738
