,CHE,CC,CTD,HRHE_i,HRC_i,HRHE_o,HRC_o,CBS,CTnCTR,PCS,MCTD
fhl,0.7377777777777778,0.6444444444444445,0.4222222222222222,0.4444444444444444,0.21333333333333335,0.4533333333333333,0.28444444444444444,0.39555555555555555,0.5822222222222222,0.6,0.6044444444444445
