,CHE,CC,CTD,HRHE_i,HRC_i,HRHE_o,HRC_o,CBS,CTnCTR,PCS,MCTD
fhl,0.3168331573297188,1.551111111111111,-0.028998626707251108,-0.04823955062004226,-0.2088888888888889,-0.025498923335248384,0.08888888888888889,-0.03940379205127357,0.018678756879692695,0.04339924018252786,0.02716226715133212
l,-0.6408169761556881,-5.515555555555555,0.009149007902818727,-0.10456467992716188,-0.44,-0.146804147718717,-0.26666666666666666,-0.08049097379507492,0.006167515941606802,0.04364533355868069,0.018997437839397634
