,CHE,CC,CTD,HRHE_i,HRC_i,HRHE_o,HRC_o,CBS,CTnCTR,PCS,MCTD
f,0.7146334090009726,7.044444444444444,-0.002502088732728678,0.016529155639797996,-0.28,0.022074807338248063,0.11555555555555555,0.006688233206838399,0.03865168729309054,0.12336145005135694,0.060233120607162634
fh,0.6853070820649875,7.0,-0.016203292991233825,0.004399551554230983,-0.27111111111111114,0.022353915672191457,0.11555555555555555,0.0055716504084736725,0.03786331526959244,0.11821423985774077,0.058752141392753886
fhl,0.8748979566436624,6.626666666666667,-0.029901396074901547,0.045448106382200586,-0.23555555555555555,0.021679116114496067,0.11555555555555555,0.003314424473881,0.029920978320581854,0.1013296093261978,0.04475986914597286
hl,0.5391072641257749,3.96,-0.01850435545876609,0.016416719437829866,-0.2,-0.0026262932119132353,0.11555555555555555,-0.01557386945476077,0.024503598935446947,0.08268755278466897,0.03284591480488427
l,-0.023750909424363784,0.18222222222222223,-0.005496369607206082,-0.048395328438558816,-0.23555555555555555,-0.04362549146766227,0.05333333333333334,-0.04206512273674957,0.00503590059627438,0.017675533234396603,0.0077964255077281625
