,CHE,CC,CTD,HRHE_i,HRC_i,HRHE_o,HRC_o,CBS,CTnCTR,PCS,MCTD
fhl,0.6044444444444445,0.5733333333333334,0.4888888888888889,0.4222222222222222,0.20444444444444446,0.4222222222222222,0.27111111111111114,0.3511111111111111,0.5422222222222223,0.4533333333333333,0.5288888888888889
l,0.16,0.13333333333333333,0.5822222222222222,0.38222222222222224,0.15555555555555556,0.30666666666666664,0.12444444444444444,0.3377777777777778,0.52,0.6755555555555556,0.6
