,CHE,CC,CTD,HRHE_i,HRC_i,HRHE_o,HRC_o,CBS,CTnCTR,PCS,MCTD
fhl,0.64,0.5422222222222223,0.48444444444444446,0.4311111111111111,0.19111111111111112,0.4177777777777778,0.27111111111111114,0.36,0.5244444444444445,0.5155555555555555,0.5333333333333333
l,0.1688888888888889,0.12,0.5155555555555555,0.37333333333333335,0.1288888888888889,0.29333333333333333,0.12,0.3377777777777778,0.56,0.68,0.6177777777777778
f,0.16444444444444445,0.10222222222222223,0.5111111111111111,0.38222222222222224,0.13777777777777778,0.28444444444444444,0.12444444444444444,0.3111111111111111,0.5511111111111111,0.6488888888888888,0.5911111111111111
