,CHE,CC,CTD,HRHE_i,HRC_i,HRHE_o,HRC_o,CBS,CTnCTR,PCS,MCTD
f,0.8222222222222222,0.8755555555555555,0.5777777777777777,0.5422222222222223,0.17777777777777778,0.4888888888888889,0.3022222222222222,0.47555555555555556,0.6533333333333333,0.8266666666666667,0.7244444444444444
fh,0.8177777777777778,0.8888888888888888,0.5333333333333333,0.5155555555555555,0.19111111111111112,0.4888888888888889,0.3022222222222222,0.4711111111111111,0.6577777777777778,0.8133333333333334,0.7288888888888889
fhl,0.8844444444444445,0.8711111111111111,0.5066666666666667,0.56,0.21777777777777776,0.4888888888888889,0.3022222222222222,0.4711111111111111,0.6133333333333333,0.8044444444444444,0.6933333333333334
hl,0.7777777777777778,0.76,0.5244444444444445,0.5511111111111111,0.21777777777777776,0.48,0.3022222222222222,0.4533333333333333,0.6044444444444445,0.7111111111111111,0.6355555555555555
l,0.4711111111111111,0.5333333333333333,0.5377777777777778,0.4666666666666667,0.21777777777777776,0.4311111111111111,0.27555555555555555,0.38222222222222224,0.5555555555555556,0.5911111111111111,0.5644444444444444
