,CHE,CC,CTD,HRHE_i,HRC_i,HRHE_o,HRC_o,CBS,CTnCTR,PCS,MCTD
fhl,0.34843211281204906,1.7466666666666666,-0.036582916984647544,-0.05312704786972126,-0.25333333333333335,-0.02526212247029013,0.08,-0.03923316107192414,0.01787706734118896,0.029101032806844285,0.023651454250366577
