,CHE,CC,CTD,HRHE_i,HRC_i,HRHE_o,HRC_o,CBS,CTnCTR,PCS,MCTD
fhl,0.5357142857142857,0.5642857142857143,0.2857142857142857,0.2642857142857143,0.20714285714285716,0.32857142857142857,0.16428571428571428,0.35714285714285715,0.22857142857142856,0.07857142857142857,0.15
l,0.36428571428571427,0.37857142857142856,0.29285714285714287,0.36428571428571427,0.22142857142857142,0.40714285714285714,0.2,0.4142857142857143,0.24285714285714285,0.09285714285714286,0.18571428571428572
