,CHE,CC,CTD,HRHE_i,HRC_i,HRHE_o,HRC_o,CBS,CTnCTR,PCS,MCTD
fhl,0.43001884346098945,3.7714285714285714,-0.014634318652770657,-0.004395783807144658,0.007142857142857143,0.020761959595789328,0.014285714285714285,0.01709660417910285,-0.018557409679598035,-0.0841187346707947,-0.03781885001170415
