,CHE,CC,CTD,HRHE_i,HRC_i,HRHE_o,HRC_o,CBS,CTnCTR,PCS,MCTD
fhl,0.5,0.5142857142857142,0.22857142857142856,0.2642857142857143,0.16428571428571428,0.3,0.16428571428571428,0.35714285714285715,0.20714285714285716,0.09285714285714286,0.1357142857142857
