,CHE,CC,CTD,HRHE_i,HRC_i,HRHE_o,HRC_o,CBS,CTnCTR,PCS,MCTD
fhl,0.4626973924742765,4.15,0.0021828647835050847,-0.04175349469979258,0.05,0.007789798702545809,-0.007142857142857143,0.013289834679379268,-0.026514181699863158,-0.09835025186370419,-0.04494122852003259
l,-0.035766946038679026,0.85,-0.04827931647254545,0.01749075940438133,-0.014285714285714285,0.03250843894140957,0.05714285714285714,0.0017601692490491958,-0.04647871406066352,-0.12296379469532996,-0.05901673158405128
