,CHE,CC,CTD,HRHE_i,HRC_i,HRHE_o,HRC_o,CBS,CTnCTR,PCS,MCTD
f,0.7428571428571429,0.7142857142857143,0.32857142857142857,0.5214285714285715,0.4,0.45714285714285713,0.17857142857142858,0.5214285714285715,0.2785714285714286,0.19285714285714287,0.2357142857142857
fh,0.7571428571428571,0.6928571428571428,0.35714285714285715,0.5571428571428572,0.39285714285714285,0.5071428571428571,0.20714285714285716,0.5142857142857142,0.3142857142857143,0.17142857142857143,0.22142857142857142
fhl,0.4714285714285714,0.40714285714285714,0.40714285714285714,0.55,0.4,0.5214285714285715,0.2,0.5285714285714286,0.3,0.19285714285714287,0.22857142857142856
hl,0.17142857142857143,0.12857142857142856,0.4785714285714286,0.5785714285714286,0.42142857142857143,0.5285714285714286,0.2,0.5357142857142857,0.3357142857142857,0.1357142857142857,0.22857142857142856
l,0.16428571428571428,0.14285714285714285,0.4357142857142857,0.5285714285714286,0.39285714285714285,0.5214285714285715,0.2,0.5285714285714286,0.30714285714285716,0.11428571428571428,0.22142857142857142
