,CHE,CC,CTD,HRHE_i,HRC_i,HRHE_o,HRC_o,CBS,CTnCTR,PCS,MCTD
f,0.7119633458717217,5.185714285714286,-0.05714466743861301,0.07837420374991513,0.20714285714285716,0.007374528283357147,-0.11428571428571428,0.015461396427986251,-0.04182915052206948,-0.11410330221339386,-0.06205823658296431
fh,0.6702704437039712,5.071428571428571,-0.04611871191645505,0.08408518510302698,0.2,0.025180432090178062,-0.08571428571428572,0.010061816063069376,-0.04563784930148681,-0.12849255371983256,-0.06972112455848516
fhl,-0.10665477788792606,-1.0357142857142858,-0.016119284744948604,0.06310944259383564,0.21428571428571427,0.010221875770390432,-0.10714285714285714,0.01192478895619634,-0.0548274218446383,-0.13852483084661804,-0.0706063600659737
hl,-0.7533854864565623,-6.057142857142857,0.008799574864802194,0.06553594725511429,0.25,0.007204834678964313,-0.11428571428571428,0.011634564402424991,-0.04923564671921147,-0.15429382017622897,-0.07880200302010605
l,-0.7864332454189928,-6.164285714285715,-0.011211358185776404,0.060488884232929606,0.20714285714285716,0.007942475297243968,-0.11428571428571428,0.011649475417335999,-0.04745851681532672,-0.160197892335985,-0.07597988608610644
