,CHE,CC,CTD,HRHE_i,HRC_i,HRHE_o,HRC_o,CBS,CTnCTR,PCS,MCTD
fhl,0.46546061156603163,4.128571428571429,-0.021465416011249964,0.009250729093423218,0.007142857142857143,0.016812854269743736,0.03571428571428571,0.011595393191037395,-0.02999280116368868,-0.09144201977183697,-0.04288492671763252
l,-0.06404394256325983,0.6428571428571429,-0.04116969697778838,-0.002490740004683784,-0.007142857142857143,0.002360968678321334,-0.04285714285714286,-0.00766543479186087,-0.03859825980684859,-0.11993956534640327,-0.0571607426898122
