,CHE,CC,CTD,HRHE_i,HRC_i,HRHE_o,HRC_o,CBS,CTnCTR,PCS,MCTD
fhl,0.5,0.4928571428571429,0.25,0.2785714285714286,0.18571428571428572,0.3,0.16428571428571428,0.3142857142857143,0.2,0.08571428571428572,0.15
l,0.35714285714285715,0.4,0.29285714285714287,0.34285714285714286,0.24285714285714285,0.40714285714285714,0.19285714285714287,0.4142857142857143,0.24285714285714285,0.10714285714285714,0.17857142857142858
f,0.36428571428571427,0.40714285714285714,0.2714285714285714,0.4142857142857143,0.2714285714285714,0.39285714285714285,0.2,0.38571428571428573,0.2357142857142857,0.1,0.2
