,CHE,CC,CTD,HRHE_i,HRC_i,HRHE_o,HRC_o,CBS,CTnCTR,PCS,MCTD
fhl,0.13777777777777778,0.08444444444444445,0.5111111111111111,0.41333333333333333,0.20444444444444446,0.3288888888888889,0.17777777777777778,0.39111111111111113,0.5822222222222222,0.7022222222222222,0.6488888888888888
l,0.08888888888888889,0.044444444444444446,0.49777777777777776,0.43555555555555553,0.21333333333333335,0.29777777777777775,0.19111111111111112,0.39555555555555555,0.5511111111111111,0.6844444444444444,0.6177777777777778
