,CHE,CC,CTD,HRHE_i,HRC_i,HRHE_o,HRC_o,CBS,CTnCTR,PCS,MCTD
f,0.21777777777777776,0.2088888888888889,0.6,0.49777777777777776,0.24,0.4711111111111111,0.30666666666666664,0.4888888888888889,0.5466666666666666,0.7733333333333333,0.6888888888888889
fh,0.24888888888888888,0.26222222222222225,0.5644444444444444,0.49777777777777776,0.24444444444444444,0.49333333333333335,0.3022222222222222,0.4888888888888889,0.5822222222222222,0.7911111111111111,0.7066666666666667
fhl,0.5555555555555556,0.5511111111111111,0.5022222222222222,0.52,0.23555555555555555,0.4888888888888889,0.3022222222222222,0.4666666666666667,0.6088888888888889,0.76,0.6577777777777778
hl,0.28888888888888886,0.28444444444444444,0.5244444444444445,0.4488888888888889,0.2311111111111111,0.47555555555555556,0.3022222222222222,0.39555555555555555,0.5644444444444444,0.7244444444444444,0.6488888888888888
l,0.3377777777777778,0.3022222222222222,0.5155555555555555,0.47555555555555556,0.23555555555555555,0.4711111111111111,0.3022222222222222,0.40444444444444444,0.5822222222222222,0.76,0.6222222222222222
