,CHE,CC,CTD,HRHE_i,HRC_i,HRHE_o,HRC_o,CBS,CTnCTR,PCS,MCTD
fhl,-0.7308784316238552,-6.36,-0.017350247770077886,-0.04477803342762405,-0.27111111111111114,-0.10104665757776679,-0.11555555555555555,-0.04301686380554165,0.016373237485358752,0.05750513443790115,0.026354076107384244
