,CHE,CC,CTD,HRHE_i,HRC_i,HRHE_o,HRC_o,CBS,CTnCTR,PCS,MCTD
fhl,0.11555555555555555,0.07111111111111111,0.52,0.4711111111111111,0.2,0.3466666666666667,0.2,0.40444444444444444,0.5777777777777777,0.6755555555555556,0.6266666666666667
l,0.09777777777777778,0.057777777777777775,0.49777777777777776,0.4444444444444444,0.21333333333333335,0.29333333333333333,0.2,0.4088888888888889,0.5511111111111111,0.6844444444444444,0.6266666666666667
f,0.08444444444444445,0.05333333333333334,0.5022222222222222,0.4888888888888889,0.2088888888888889,0.32,0.19555555555555557,0.41333333333333333,0.5644444444444444,0.7022222222222222,0.6311111111111111
