,CHE,CC,CTD,HRHE_i,HRC_i,HRHE_o,HRC_o,CBS,CTnCTR,PCS,MCTD
fhl,-0.7571525758052049,-6.493333333333333,-0.016548836906001466,-0.020777763170398995,-0.24444444444444444,-0.09234410533801375,-0.10666666666666667,-0.044072698018851254,0.01665230007581536,0.05332185318238421,0.025631099244064513
l,-0.8116847970334854,-6.795555555555556,-0.028832252176314955,-0.0387674470716392,-0.27111111111111114,-0.11329383497032912,-0.10666666666666667,-0.04690818259176221,0.011498830126684742,0.05649117346532401,0.022704348928171497
f,-0.797313218017072,-6.768888888888889,-0.02507376346710034,-0.042639849684881666,-0.28888888888888886,-0.1058493135188882,-0.11555555555555555,-0.04613334910199625,0.013466675171161374,0.055813715196374666,0.02319678144987619
