,CHE,CC,CTD,HRHE_i,HRC_i,HRHE_o,HRC_o,CBS,CTnCTR,PCS,MCTD
f,-0.4987802207356629,-3.1155555555555554,0.054570887865160025,-0.004174194912814279,-0.1511111111111111,0.02503102122615132,0.13777777777777778,0.011795455488773497,0.017915236265537836,0.10492717490709222,0.05112515817766873
fh,-0.39478692843244717,-2.111111111111111,0.029524501390382245,-0.009488480214309045,-0.16,0.028475568138550063,0.1288888888888889,0.014340329512599653,0.027294351661172753,0.10627411448138546,0.05459220886809407
fhl,0.13261363407401566,0.8133333333333334,-0.0162900379813844,-0.022999439303420233,-0.19111111111111112,0.01715835944721731,0.11555555555555555,-0.0018782352716328128,0.024308129650019623,0.08497446469031876,0.038278019835136075
hl,-0.31871071469753676,-3.017777777777778,-0.013960646879469478,-0.05572548398041332,-0.21777777777777776,-0.0017990167714745811,0.11555555555555555,-0.02328137017329332,0.01592871303071904,0.07048870754447394,0.028979784975920606
l,-0.27300928037241945,-2.591111111111111,-0.016576314082259097,-0.05245860974634645,-0.19111111111111112,-0.009623463363180531,0.10666666666666667,-0.02371064345157806,0.017155086760898206,0.07729099278869932,0.02904641865252262
