,CHE,CC,CTD,HRHE_i,HRC_i,HRHE_o,HRC_o,CBS,CTnCTR,PCS,MCTD
fhl,-0.7321084558369187,-6.377777777777778,-0.017119138961406443,-0.04228063138011711,-0.28,-0.09722913118703534,-0.16,-0.04250375504239468,0.017003102805181435,0.05617659412507264,0.0263260797529171
l,-0.8127346115372933,-6.857777777777778,-0.02784757534709489,-0.04968331036278744,-0.27111111111111114,-0.1158445331573232,-0.12444444444444444,-0.05032772799898235,0.012129781678580545,0.05244708567690624,0.0234065509803286
