,CHE,CC,CTD,HRHE_i,HRC_i,HRHE_o,HRC_o,CBS,CTnCTR,PCS,MCTD
fhl,0.1288888888888889,0.08444444444444445,0.52,0.4266666666666667,0.2088888888888889,0.31555555555555553,0.19555555555555557,0.37777777777777777,0.5644444444444444,0.6977777777777778,0.6355555555555555
