epoch,step,train_loss,train_logits_loss,train_foreign_loss,train_home_loss,train_acc,val_loss,val_logits_loss,val_foreign_loss,val_home_loss,val_acc,sav_version
0,1266,1.8158194962741827,1.6353537891807526,0.10245056364444007,0.07801514488128478,0.5700909607030015,1.7890061663858818,1.605675868915789,0.09103350143766764,0.09229680252346126,0.5768684440559437,1
