epoch,step,train_loss,train_logits_loss,train_foreign_loss,train_home_loss,train_acc,val_loss,val_logits_loss,val_foreign_loss,val_home_loss,val_acc,sav_version
0,633,0.12484781578253795,0.004581754994806709,0.044863262721359445,0.020885004879727276,0.4381351422381749,0.0886700821645332,2.2810258070627847,0.021439210935072464,0.021610355625549953,0.46082810867293633,1
1,1266,0.07713695016423296,0.0037717114880939985,0.012199227900448804,0.013993503365483235,0.4411345803131684,0.08045395000865965,2.2143442088907417,0.015692324546927757,0.020474743239130035,0.4668572851358411,2
2,1899,0.0724618524360054,0.0034871696484220726,0.009922938639118585,0.013204575145520023,0.44699388271303797,0.07923625409603119,2.1289229176261206,0.014819415765955593,0.021838380926937767,0.47595676593521424,3
