epoch,step,train_loss,train_logits_loss,train_foreign_loss,train_home_loss,train_acc,val_loss,val_logits_loss,val_foreign_loss,val_home_loss,val_acc,sav_version
0,1266,1.7257452557719715,1.611738599165921,0.11400665750353352,0.13281540689463206,0.5712363003554498,1.7140410831480315,1.5871489851763754,0.12689208707800417,0.168668577616865,0.579431636072261,1
