epoch,step,train_loss,train_logits_loss,train_foreign_loss,train_home_loss,train_acc,val_loss,val_logits_loss,val_foreign_loss,val_home_loss,val_acc,sav_version
0,1266,1.5800993249973792,1.5800993249973792,0.7980287644017553,0.47766780142347204,0.5736010317930491,1.5752144916491075,1.5752144916491075,0.7980250201442025,0.5018140529141282,0.5786230696386948,1
