epoch,step,train_loss,train_logits_loss,train_foreign_loss,train_home_loss,train_acc,val_loss,val_logits_loss,val_foreign_loss,val_home_loss,val_acc,sav_version
0,1266,0.06748843002964347,1.1403056738124262,0.19341970763005917,0.04189258176792195,0.6559235535150079,2.1702391216249177,2.135486848426588,0.18485377412853818,0.03475227410143072,0.5536631337412586,1
