epoch,step,train_loss,train_logits_loss,train_foreign_loss,train_home_loss,train_acc,val_loss,val_logits_loss,val_foreign_loss,val_home_loss,val_acc,sav_version
0,1266,0.05620060493878279,1.1240120811673326,0.23901216044292253,0.08454473503228235,0.6573342466429699,2.095619133024505,2.095619133024505,0.22427806958104624,0.06821856139735742,0.5544024985431236,1
