epoch,step,train_loss,train_logits_loss,train_foreign_loss,train_home_loss,train_acc,val_loss,val_logits_loss,val_foreign_loss,val_home_loss,val_acc,sav_version
0,1266,0.18039947241474102,1.3297190143598765,0.10392181093305773,0.03996683752802782,0.618108214849921,2.010553791667476,1.9039981870940237,0.07234551593887084,0.03421009402496345,0.5641043851981351,1
