epoch,step,train_loss,train_logits_loss,train_foreign_loss,train_home_loss,train_acc,val_loss,val_logits_loss,val_foreign_loss,val_home_loss,val_acc,sav_version
0,1266,1.6916561668612193,1.607115876759398,0.3695813499179214,0.08454028831862537,0.5719416469194307,1.6950780749320984,1.5957782954880686,0.35510376569899643,0.09929976990502892,0.5766144012237764,1
