epoch,step,train_loss,train_logits_loss,train_foreign_loss,train_home_loss,train_acc,val_loss,val_logits_loss,val_foreign_loss,val_home_loss,val_acc,sav_version
0,1266,0.08269217899907821,3.4771388712652485,0.08269217899907821,0.0469984814957208,0.4854938043048974,0.1257297976902037,5.318245374795162,0.1257297976902037,0.1171990731223063,0.38567799388111884,1
