epoch,step,train_loss,train_logits_loss,train_foreign_loss,train_home_loss,train_acc,val_loss,val_logits_loss,val_foreign_loss,val_home_loss,val_acc,sav_version
0,1266,0.09305223941767668,3.2425680351671637,0.08260175514389506,0.04180193743352171,0.4993156348736173,0.1776805973865769,4.956659970861493,0.09428000890395859,0.08340058865194971,0.40548149766899766,1
