epoch,step,train_loss,train_logits_loss,train_foreign_loss,train_home_loss,train_acc,val_loss,val_logits_loss,val_foreign_loss,val_home_loss,val_acc,sav_version
0,633,0.04989776423562901,0.008653621914639104,0.036516078441781924,0.01338168568975376,0.37651015530619814,0.013513018094906301,5.625999060544101,0.007519384281653346,0.005993633841474851,0.3368114060867294,1
1,1266,0.00783078471422313,0.009203079940771793,0.004295468807814858,0.0035353159075117366,0.3378014720402381,0.008997044963479944,5.563990520708488,0.00495586309327998,0.004041181813756173,0.3340121310083596,2
2,1899,0.005274184085325725,0.006219208899644125,0.002869830390667958,0.002404353690060006,0.3371473085679771,0.008018794370758715,5.570724472855076,0.004299818714516181,0.003718975656242533,0.3319357366771159,3
