epoch,step,train_loss,train_logits_loss,train_foreign_loss,train_home_loss,train_acc,val_loss,val_logits_loss,val_foreign_loss,val_home_loss,val_acc,sav_version
0,633,0.03232321073411483,0.010146853671443029,0.03232321073411483,0.01803164775917339,0.3736518518841188,0.008230055442475008,5.851027069669781,0.008230055442475008,0.007803155828944661,0.33946537029780577,1
1,1266,0.00457672380450907,0.009500307682754493,0.00457672380450907,0.0044852947469765396,0.3379371253833287,0.005319605969513456,5.602920821218779,0.005319605969513456,0.00483542234128849,0.33624363244514105,2
2,1899,0.0030494750237186536,0.00866752100216834,0.0030494750237186536,0.003023366314155972,0.33653786677585745,0.004000492471580704,5.62152488303907,0.004000492471580704,0.0036966890505881925,0.33323414642110766,3
