epoch,step,train_loss,train_logits_loss,train_foreign_loss,train_home_loss,train_acc,val_loss,val_logits_loss,val_foreign_loss,val_home_loss,val_acc,sav_version
0,1266,0.020905807745270726,5.7452865426574276,0.020905807745270726,0.012729877368789784,0.3578797640205375,0.005910186326328778,5.724334658998432,0.005910186326328778,0.005456781745041636,0.3316160402097902,1
