epoch,step,train_loss,train_logits_loss,train_foreign_loss,train_home_loss,train_acc,val_loss,val_logits_loss,val_foreign_loss,val_home_loss,val_acc,sav_version
0,1266,0.03171807780235088,5.589443535789683,0.02228675070432078,0.009431327105018695,0.3661513872432853,0.012266118276977179,5.478669849309054,0.0066673488243285456,0.005598769477342792,0.34802137966200475,1
