epoch,step,train_loss,train_logits_loss,train_foreign_loss,train_home_loss,train_acc,val_loss,val_logits_loss,val_foreign_loss,val_home_loss,val_acc,sav_version
0,1266,0.17109964395421565,1.331945753351772,0.10450235490597443,0.04455890390274555,0.617865694115323,1.966073695457343,1.8927459825168957,0.07332772394698678,0.0380771853819941,0.5659345862470861,1
