,confident_fguide_hunique,confident_fguide_funique,confident_hguide_hunique,confident_hguide_funique
f,0.000000,0.016667,28.646970,0.000000
fh,0.000000,0.003788,26.558333,0.000000
fhl,1.093182,1.305303,21.493182,0.006061
fl,1.171212,1.453030,21.056818,0.006061
hl,7.793939,1.440909,22.632576,0.022727
l,8.171970,1.472727,23.042424,0.037879
