,confident_fguide_hunique,confident_fguide_funique,confident_hguide_hunique,confident_hguide_funique
f,0.000000,0.000000,1.906250,0.000000
fh,0.000000,0.000000,1.843750,0.000000
fhl,0.000000,0.500000,0.000000,0.000000
fl,0.000000,0.093750,24.062500,0.000000
hl,1.625000,0.000000,2.093750,0.000000
l,1.937500,5.937500,41.250000,0.000000
