,confident_fguide_hunique,confident_fguide_funique,confident_hguide_hunique,confident_hguide_funique
f,0.000000,0.109524,0.000000,0.000000
fh,0.000000,0.338095,0.000000,0.000000
fhl,0.000000,1.110714,0.690476,0.000000
fl,0.000000,1.402381,0.690476,0.000000
hl,0.665476,0.000000,0.666667,0.000000
l,0.619048,0.000000,0.619048,0.000000
