,confident_fguide_hunique,confident_fguide_funique,confident_hguide_hunique,confident_hguide_funique
f,0.000000,0.000000,0.148485,0.000000
fh,0.000000,0.000000,0.204545,0.000000
fhl,0.037879,0.441667,1.458333,0.000000
fl,0.080303,0.705303,1.431818,0.000000
hl,1.480303,0.000000,1.484848,0.000000
l,1.517424,0.000758,1.511364,0.000000
