,0_foreign_loss,1_home_loss,2_no2home_loss,3_no2foreign_loss
f,0.016338,0.007571,0.068792,0.326707
fh,0.012584,0.004663,0.068707,0.323548
fhl,0.018247,0.007980,0.068854,0.327260
fl,0.020114,0.011114,0.068728,0.324577
hl,0.111463,0.017846,0.068853,0.325920
l,0.263188,0.117921,0.068697,0.324758
