,0_foreign_loss,1_home_loss,2_no2home_loss,3_no2foreign_loss
f,0.008149,0.015805,0.051575,0.290823
fh,0.005288,0.012652,0.051575,0.289249
fhl,0.010082,0.013696,0.051575,0.288222
fl,0.012068,0.018423,0.051575,0.289012
hl,0.080768,0.026889,0.051575,0.288331
l,0.228639,0.097775,0.051575,0.290800
