,0_foreign_loss,1_home_loss,2_no2home_loss,3_no2foreign_loss
f,0.007466,0.016431,0.051575,0.290552
fh,0.005610,0.011645,0.051575,0.287655
fhl,0.009690,0.013654,0.051575,0.288023
fl,0.011065,0.018824,0.051575,0.289609
hl,0.081143,0.026375,0.051575,0.290062
l,0.227640,0.098831,0.051575,0.290024
