,0_foreign_loss,1_home_loss,2_no2home_loss,3_no2foreign_loss
f,0.007274,0.009655,0.442516,1.238030
fh,0.008030,0.008677,0.442516,1.224125
fhl,0.199422,0.117670,0.442516,1.234082
fl,0.281221,0.230400,0.442516,1.227050
hl,0.512679,0.140541,0.442516,1.221391
l,1.244223,0.606555,0.442516,1.216512
