,0_foreign_loss,1_home_loss,2_no2home_loss,3_no2foreign_loss
f,0.016395,0.008160,0.026748,0.311185
fh,0.013539,0.005495,0.026766,0.313433
fhl,0.020088,0.008249,0.026815,0.309237
fl,0.022825,0.011259,0.026819,0.312986
hl,0.123181,0.014986,0.026650,0.310550
l,0.252856,0.081106,0.026804,0.312115
