,0_foreign_loss,1_home_loss,2_no2home_loss,3_no2foreign_loss
fhl_0_1,0.014880,0.014076,0.051575,0.292191
fhl_0_15,0.019252,0.018407,0.051575,0.291234
fhl_0_2,0.024294,0.020717,0.051575,0.289386
l_loss,0.223815,0.098831,0.051575,0.286950
f_loss,0.007448,0.016431,0.051575,0.288420
