,0_foreign_loss,1_home_loss,2_no2home_loss,3_no2foreign_loss
f,0.001059,0.001542,0.421335,1.249887
fh,0.001570,0.001702,0.421335,1.268793
fhl,0.017625,0.021031,0.421335,1.293159
fl,0.008544,0.167377,0.421335,1.235921
hl,0.208351,0.020560,0.421335,1.293649
l,1.301787,0.752483,0.421335,1.266207
