,4_home_logits_loss,5_foreign_logits_loss,6_no2home_logits_loss,7_home_acc,8_foreign_acc,9_no2home_acc
f,4.960598,9.094916,6.027780,0.128125,0.015313,0.254018
fh,4.966955,8.769489,6.027780,0.132589,0.015893,0.254018
fhl,3.660040,7.568559,6.027780,0.361161,0.216250,0.254018
fl,3.687595,7.616000,6.027780,0.359821,0.215714,0.254018
hl,4.205636,7.115828,6.027780,0.346875,0.233705,0.254018
l,4.432874,7.703471,6.027780,0.345536,0.234717,0.254018
