,4_home_logits_loss,5_foreign_logits_loss,6_no2home_logits_loss,7_home_acc,8_foreign_acc,9_no2home_acc
fhl_0_1,3.797703,7.541729,6.476138,0.361161,0.220655,0.258036
fhl_0_15,3.839461,7.590367,6.476138,0.359375,0.224911,0.258036
fhl_0_2,3.894708,7.411915,6.476138,0.361161,0.225982,0.258036
l_loss,4.414758,6.793728,6.476138,0.344196,0.245417,0.258036
