,4_home_logits_loss,5_foreign_logits_loss,6_no2home_logits_loss,7_home_acc,8_foreign_acc,9_no2home_acc
f,5.179037,9.418614,6.476138,0.141518,0.024985,0.258036
fh,5.174923,9.283944,6.476138,0.136161,0.026830,0.258036
fhl,3.703304,7.785085,6.476138,0.363393,0.220238,0.258036
fl,3.759350,7.915597,6.476138,0.363393,0.217009,0.258036
hl,4.274912,6.850315,6.476138,0.341518,0.243676,0.258036
l,4.414758,6.811391,6.476138,0.344196,0.247470,0.258036
