,4_home_logits_loss,5_foreign_logits_loss,6_no2home_logits_loss,7_home_acc,8_foreign_acc,9_no2home_acc
fhl_0_1,1.089065,2.822548,2.043323,0.664347,0.366866,0.545142
fhl_0_15,1.098278,2.677057,2.048807,0.658428,0.376439,0.544858
fhl_0_2,1.090865,2.606888,2.047340,0.657112,0.388172,0.544962
l_loss,1.161396,2.339014,2.044434,0.653513,0.451894,0.545767
f_loss,2.883188,5.041666,2.048040,0.382680,0.082850,0.544915
