,4_home_logits_loss,5_foreign_logits_loss,6_no2home_logits_loss,7_home_acc,8_foreign_acc,9_no2home_acc
f,2.920775,4.869604,1.818338,0.378239,0.080085,0.554252
fh,2.879683,4.867308,1.816769,0.378163,0.083182,0.554148
fhl,1.031008,3.170187,1.817600,0.671932,0.312472,0.554384
fl,1.031971,3.077747,1.814418,0.674271,0.316420,0.555047
hl,1.080670,2.318366,1.814623,0.666544,0.433939,0.554886
l,1.112153,2.434521,1.815191,0.666335,0.429896,0.555047
