,fguide_hunique,fguide_funique,hguide_hunique,hguide_funique,foreign_strength,home_strength
f,0.429264,1.355937,3.039414,0.059875,3.158747,50.762420
fh,0.422989,1.349171,3.016807,0.065456,3.189613,46.089006
fhl,0.474057,1.127088,2.367856,0.045790,2.377539,51.711398
fl,0.487578,1.170365,2.369436,0.049264,2.400366,48.096743
hl,1.212091,0.670389,2.376414,0.039265,0.553085,60.522854
l,1.221704,0.638510,2.363983,0.045047,0.522639,52.478081
