epoch,step,n_vis,train_loss,train_acc,train_ppl,train_te,val_loss,val_acc,val_ppl,val_te,sav_version
0,2531,0,1.8135087827786491,0.5427233553931251,6.849846105392565,0.3160044677541858,1.7471257813952186,0.5465459280303033,7.341356530816699,0.2937532829267835,1
1,5062,0,1.7169819960995467,0.5525329662188851,5.912847473933675,0.29021627905190567,1.7214021786595837,0.5502651515151517,7.357875234538721,0.26067750093481745,2
2,7593,0,1.6915955450967195,0.5561987603713949,5.761655206456116,0.2859426970993237,1.7014061253179202,0.5515127840909091,7.344081466813029,0.27361175648189784,3
3,10124,0,1.6751750786518307,0.558131049980246,5.657885459745436,0.2834592807862799,1.6837276920224682,0.5562357954545457,7.043753949610162,0.2775982209990751,4
