,4_home_logits_loss,5_foreign_logits_loss,6_no2home_logits_loss,7_home_acc,8_foreign_acc,9_no2home_acc
f,2.778489,5.148167,1.567489,0.424951,0.249588,0.619480
fh,2.777099,5.184629,1.567489,0.424994,0.247912,0.619480
fhl,0.618036,4.357352,1.567489,0.808681,0.388149,0.619480
fl,0.557071,4.642683,1.567489,0.826274,0.369234,0.619480
hl,0.531809,2.612309,1.567489,0.833387,0.504222,0.619480
l,0.467138,3.050821,1.567489,0.853605,0.542012,0.619480
