,4_home_logits_loss,5_foreign_logits_loss,6_no2home_logits_loss,7_home_acc,8_foreign_acc,9_no2home_acc
f,8.905401,9.540903,11.411611,0.112507,0.092739,0.241566
fh,8.893870,9.536694,11.411611,0.111165,0.092763,0.241566
fhl,7.694908,8.425587,11.411611,0.261770,0.211263,0.241566
fl,8.747043,9.120538,11.411611,0.260261,0.212377,0.241566
hl,9.516286,9.596847,11.411611,0.256739,0.240835,0.241566
l,10.316486,10.402314,11.411611,0.258973,0.243743,0.241566
