,confident_fguide_hunique,confident_fguide_funique,confident_hguide_hunique,confident_hguide_funique
f,0.076434,1.033614,1.077756,0.092708
fh,0.058333,1.077804,1.055929,0.057292
fhl,0.114944,1.911250,2.444968,0.120200
fl,0.483053,2.136707,2.897236,0.457204
hl,2.457772,0.871923,3.133277,0.484087
l,3.023878,1.085946,3.598998,0.834968
