,confident_fguide_hunique,confident_fguide_funique,confident_hguide_hunique,confident_hguide_funique
f,0.000000,0.625144,0.606915,0.000000
fh,0.000000,0.648582,0.731394,0.000000
fhl,0.000000,1.655649,1.906138,0.000000
fl,0.000000,1.824215,2.404319,0.000000
hl,0.122869,0.983109,2.611546,0.000000
l,1.439271,1.858638,4.832316,0.007292
