,fguide_hunique,fguide_funique,hguide_hunique,hguide_funique,foreign_strength,home_strength
f,4.662988,13.353802,13.078215,4.587181,2.863786,2.851035
fh,4.934055,13.877361,13.824471,4.844131,2.812567,2.853860
fhl,5.034376,12.942187,13.585185,4.623134,2.570763,2.938523
fl,5.752887,12.652079,13.432605,4.885978,2.199257,2.749215
hl,9.295680,8.251904,13.115634,4.780648,0.887714,2.743485
l,10.344411,6.626449,12.588832,5.111385,0.640583,2.462900
