,0_foreign_loss,1_home_loss,2_no2home_loss,3_no2foreign_loss
f,0.000523,0.000517,0.050766,0.539381
fh,0.000514,0.000512,0.050766,0.544489
fhl,0.007398,0.006892,0.050766,0.542624
fl,0.022329,0.031059,0.050766,0.540189
hl,0.086672,0.023418,0.050766,0.545746
l,0.620298,0.309645,0.050766,0.541606
