,confident_fguide_hunique,confident_fguide_funique,confident_hguide_hunique,confident_hguide_funique
f,0.041667,14.025291,13.213321,0.032552
fh,0.044271,14.345251,13.365665,0.013021
fhl,0.129348,9.556078,10.767898,0.229409
fl,0.274894,8.150357,10.599885,0.541314
hl,7.664173,1.866592,11.986714,0.822939
l,11.496027,2.197608,13.471906,1.327639
