,fguide_hunique,fguide_funique,hguide_hunique,hguide_funique,foreign_strength,home_strength
f,1.432355,13.785389,14.000516,1.375731,9.624284,10.176782
fh,1.380188,13.815972,13.386254,1.427917,10.010213,9.374671
fhl,3.007846,24.868342,26.598880,2.924476,8.267824,9.095264
fl,3.176246,27.679920,30.443730,2.941341,8.714664,10.350288
hl,4.199312,25.436458,29.474137,2.968596,6.057291,9.928646
l,6.576233,32.507940,40.022373,3.096458,4.943246,12.925211
