,4_home_logits_loss,5_foreign_logits_loss,6_no2home_logits_loss,7_home_acc,8_foreign_acc,9_no2home_acc
f,9.129910,9.583226,13.639620,0.173192,0.149146,0.240008
fh,8.779452,9.218446,13.639620,0.144249,0.121643,0.240008
fhl,12.321303,12.750450,13.639620,0.239196,0.228893,0.240008
fl,12.324014,12.425083,13.639620,0.241346,0.224367,0.240008
hl,13.560484,13.798085,13.639620,0.239477,0.235985,0.240008
l,13.360127,13.450957,13.639620,0.240656,0.238446,0.240008
