,fguide_hunique,fguide_funique,hguide_hunique,hguide_funique,foreign_strength,home_strength
f,0.641581,36.167571,36.708967,0.661074,56.372611,55.529306
fh,0.668141,36.240704,35.355676,0.668934,54.241095,52.853734
fhl,1.278075,41.865671,43.488871,1.135831,32.756822,38.288167
fl,1.277981,43.634939,43.661863,0.923970,34.143657,47.254626
hl,4.271813,35.239400,44.688051,0.902432,8.249284,49.519561
l,8.475971,35.927113,47.665047,0.374283,4.238702,127.350133
