,0_foreign_loss,1_home_loss,2_no2home_loss,3_no2foreign_loss
f,0.001014,0.001027,0.423895,0.544638
fh,0.000831,0.000812,0.423917,0.546455
fhl,0.005627,0.005182,0.423787,0.546619
fl,0.015821,0.020820,0.423933,0.546842
hl,0.033697,0.014798,0.423766,0.546716
l,0.447753,0.389699,0.424374,0.546340
