,fguide_hunique,fguide_funique,hguide_hunique,hguide_funique,foreign_strength,home_strength
f,3.630461,12.348982,12.409327,3.784393,3.401491,3.279080
fh,3.674166,12.163056,12.545040,3.786964,3.310426,3.312691
fhl,5.493729,14.733727,15.762812,5.261267,2.681917,2.996011
fl,5.590349,13.875105,15.825879,5.070282,2.481975,3.121302
hl,9.536411,9.651742,15.109678,5.025707,1.012094,3.006478
l,10.683793,9.249892,15.903238,4.995521,0.865787,3.183499
