,0_foreign_loss,1_home_loss,2_no2home_loss,3_no2foreign_loss
f,0.001004,0.000995,0.423754,0.545677
fh,0.000823,0.000829,0.424989,0.546560
fhl,0.005596,0.005214,0.423924,0.547656
fl,0.015724,0.020680,0.422759,0.547650
hl,0.034124,0.014801,0.424797,0.546988
l,0.447083,0.389382,0.424219,0.545150
