,4_home_logits_loss,5_foreign_logits_loss,6_no2home_logits_loss,7_home_acc,8_foreign_acc,9_no2home_acc
f,2.857464,5.293383,1.622360,0.425203,0.255263,0.598564
fh,2.854785,5.428417,1.616493,0.425005,0.238339,0.600110
fhl,0.668655,4.444763,1.636812,0.791878,0.377506,0.597796
fl,0.604455,4.637922,1.630020,0.810632,0.368591,0.596821
hl,0.575364,2.847150,1.634266,0.822822,0.468686,0.596201
l,0.478113,2.937779,1.618779,0.841787,0.516822,0.598721
