,fguide_hunique,fguide_funique,hguide_hunique,hguide_funique,foreign_strength,home_strength
f,0.693451,36.407948,0.000000,0.000000,52.502586,
fh,0.639036,38.639893,0.000000,0.000000,60.465946,
fhl,1.249092,42.849366,0.000000,0.000000,34.304423,
fl,1.287153,42.884783,0.000000,0.000000,33.317545,
hl,4.517243,36.107187,0.000000,0.000000,7.993191,
l,8.533409,35.905446,0.000000,0.000000,4.207632,
