,4_home_logits_loss,5_foreign_logits_loss,6_no2home_logits_loss,7_home_acc,8_foreign_acc,9_no2home_acc
f,3.667093,5.882028,2.378757,0.337057,0.197273,0.613452
fh,3.678637,5.877309,2.378757,0.335245,0.200856,0.613452
fhl,1.152733,5.319003,2.378757,0.717823,0.387120,0.613452
fl,1.209708,4.980982,2.378757,0.708125,0.395452,0.613452
hl,1.467073,2.163497,2.378757,0.700425,0.590338,0.613452
l,1.892151,2.536768,2.378757,0.691264,0.616879,0.613452
