,4_home_logits_loss,5_foreign_logits_loss,6_no2home_logits_loss,7_home_acc,8_foreign_acc,9_no2home_acc
f,5.427046,6.780722,7.059784,0.206832,0.178306,0.232239
fh,5.423357,6.760943,7.064527,0.206617,0.177282,0.232834
fhl,4.114612,5.590447,7.061593,0.344653,0.216912,0.232612
fl,4.221251,5.715450,7.060195,0.361111,0.221966,0.232916
hl,4.113218,5.538104,7.063267,0.362901,0.231799,0.232708
l,4.651882,6.111703,7.070865,0.378435,0.248000,0.232481
