,0_foreign_loss,1_home_loss,2_no2home_loss,3_no2foreign_loss
f,0.000310,0.000316,0.363051,0.535725
fh,0.000300,0.000295,0.363852,0.530424
fhl,0.002293,0.001982,0.363490,0.532755
fl,0.003413,0.004105,0.364955,0.531864
hl,0.062502,0.003329,0.362728,0.529957
l,0.360414,0.278244,0.363810,0.536221
