,fguide_hunique,fguide_funique,hguide_hunique,hguide_funique,foreign_strength,home_strength
f,0.798317,37.378801,36.550415,0.792865,46.822001,46.099165
fh,0.804978,37.304757,39.407904,0.823308,46.342585,47.865296
fhl,1.455367,40.626684,43.094187,1.160165,27.915084,37.144873
fl,1.504624,43.417276,47.330840,0.905109,28.855901,52.292997
hl,6.773695,33.494348,45.359809,0.900490,4.944768,50.372354
l,10.253965,35.105300,47.505706,0.332178,3.423583,143.012774
