,nucleus_fguide_hunique,nucleus_fguide_funique,nucleus_hguide_hunique,nucleus_hguide_funique,foreign_strength,home_strength
f,0.000000,19.635417,37.991112,0.690016,inf,55.058344
fh,0.000000,21.697917,38.501759,0.630171,inf,61.097278
fhl,0.000000,14.620833,43.433812,1.108275,inf,39.190479
fl,0.004167,15.175000,44.923773,0.936476,3641.999992,47.971113
hl,0.485417,6.583333,44.731626,0.917309,13.562232,48.763975
l,4.843750,8.383334,47.209496,0.383809,1.730753,123.002615
