,4_home_logits_loss,5_foreign_logits_loss,6_no2home_logits_loss,7_home_acc,8_foreign_acc,9_no2home_acc
f,4.588604,7.016622,2.423472,0.398699,0.251034,0.626313
fh,4.739462,7.113377,2.423472,0.399398,0.242923,0.626313
fhl,1.425252,5.794358,2.423472,0.672551,0.384605,0.626313
fl,1.584126,5.600271,2.423472,0.667007,0.404798,0.626313
hl,1.809165,2.195622,2.423472,0.665582,0.616563,0.626313
l,2.236599,2.419651,2.423472,0.654707,0.633564,0.626313
