,confident_fguide_hunique,confident_fguide_funique,confident_hguide_hunique,confident_hguide_funique
f,0.055990,5.385483,5.050141,0.000000
fh,0.002604,4.558550,5.722767,0.052083
fhl,0.026373,8.649740,9.977798,0.051333
fl,0.036679,7.505539,10.293852,0.051774
hl,5.254657,1.810955,12.263065,0.275755
l,9.352578,2.787341,14.397687,0.810359
