,0_foreign_loss,1_home_loss,2_no2home_loss,3_no2foreign_loss
f,0.001001,0.001016,0.424651,0.545126
fh,0.000835,0.000817,0.424240,0.547431
fhl,0.005627,0.005180,0.424427,0.546824
fl,0.015792,0.020849,0.423298,0.546740
hl,0.033717,0.014718,0.424358,0.546583
l,0.446205,0.390023,0.423981,0.547530
