,nucleus_fguide_hunique,nucleus_fguide_funique,nucleus_hguide_hunique,nucleus_hguide_funique,foreign_strength,home_strength
f,0.000000,1.020000,13.128673,1.418033,inf,9.258366
fh,0.000000,1.156667,13.864572,1.405399,inf,9.865223
fhl,0.000000,2.329167,26.378437,2.932597,inf,8.994906
fl,0.000000,2.697500,30.347112,3.044053,inf,9.969310
hl,0.048333,1.529167,29.586736,2.948350,31.637930,10.035013
l,0.860833,2.460833,40.527749,3.100920,2.858664,13.069589
