,0_foreign_loss,1_home_loss,2_no2home_loss,3_no2foreign_loss
f,0.002271,0.002275,0.473437,0.644340
fh,0.002144,0.002147,0.473437,0.643865
fhl,0.006578,0.005749,0.473437,0.644362
fl,0.016243,0.021822,0.473437,0.644876
hl,0.040052,0.015844,0.473437,0.642551
l,0.480382,0.400295,0.473437,0.642433
