,nucleus_fguide_hunique,nucleus_fguide_funique,nucleus_hguide_hunique,nucleus_hguide_funique
f,0.000000,3.308610,3.474609,0.000000
fh,0.000000,3.786855,4.000514,0.000000
fhl,0.000373,2.616249,2.891774,0.000000
fl,0.000000,2.889037,3.371916,0.000000
hl,0.086507,1.151341,3.527178,0.000000
l,0.988737,1.589922,4.716866,0.000000
