,0_foreign_loss,1_home_loss,2_no2home_loss,3_no2foreign_loss
f,0.001390,0.001391,0.032855,0.617869
fh,0.001520,0.001518,0.032855,0.627016
fhl,0.008480,0.007601,0.032855,0.629982
fl,0.027774,0.037044,0.032855,0.624325
hl,0.078546,0.019679,0.032855,0.628863
l,0.546031,0.184101,0.032855,0.621025
