,confident_fguide_hunique,confident_fguide_funique,confident_hguide_hunique,confident_hguide_funique
f,0.000000,11.673442,11.518207,0.000000
fh,0.000000,12.758232,13.541292,0.000000
fhl,0.000000,8.442929,10.450609,0.000000
fl,0.001302,10.563670,13.875243,0.000000
hl,0.826977,3.744372,13.311352,0.000000
l,5.271385,7.601276,17.109110,0.000000
