,fguide_hunique,fguide_funique,hguide_hunique,hguide_funique,foreign_strength,home_strength
f,4.081965,32.877279,32.849430,3.569566,8.054277,9.202639
fh,3.845579,31.924695,32.024016,4.048898,8.301662,7.909316
fhl,4.700710,32.922110,34.667061,4.470961,7.003646,7.753828
fl,5.414861,31.035667,34.568328,5.070183,5.731572,6.817965
hl,18.399918,17.659311,33.931594,5.079207,0.959749,6.680490
l,23.339116,14.731832,34.907167,5.117715,0.631208,6.820850
