,4_home_logits_loss,5_foreign_logits_loss,6_no2home_logits_loss,7_home_acc,8_foreign_acc,9_no2home_acc
f,5.427023,6.780251,7.062024,0.206702,0.178047,0.232544
fh,5.424754,6.762862,7.062300,0.206813,0.178084,0.232343
fhl,4.115493,5.600314,7.064492,0.344578,0.218667,0.232834
fl,4.222677,5.747299,7.065396,0.361212,0.220028,0.231985
hl,4.112288,5.488537,7.063366,0.362605,0.232649,0.232579
l,4.648179,6.119722,7.073735,0.377019,0.247039,0.232267
