,fguide_hunique,fguide_funique,hguide_hunique,hguide_funique,foreign_strength,home_strength
f,1.373021,13.167416,0.000000,0.000000,9.590102,
fh,1.358282,13.757791,0.000000,0.000000,10.128818,
fhl,3.007084,25.203926,0.000000,0.000000,8.381516,
fl,3.251767,27.917340,0.000000,0.000000,8.585283,
hl,4.074422,25.107664,0.000000,0.000000,6.162263,
l,6.546644,32.849010,0.000000,0.000000,5.017687,
