Instance,CHE,CC,CTD,CTnCTR,PCS,MCTD,HRHE_i,HRC_i,HRHE_o,HRC_o,CBS
Source,1.1598092965823326,4.133333333333334,0.8900991477032875,0.9047157279459109,0.5168205079293183,1.294532569997022,0.6575186609423677,2.3555555555555556,0.4972609627945554,2.0,0.23385868464511145
Target,2.171755963391433,11.571428571428571,0.8042645975005029,0.8581311892264216,0.3338033695098851,1.3713189325014312,0.5452796017636833,2.1785714285714284,0.49217932906990597,2.107142857142857,0.22751552513966342
f,1.8612758880176001,8.035714285714286,0.6859782025648198,0.7995936694960043,0.30671446726520524,1.442997564123409,0.6367794447392764,3.142857142857143,1.2005408154092314,3.5,0.5898678778106394
fh,1.7584608113554017,7.178571428571429,0.6540478155390902,0.8157837886774963,0.32958166765015673,1.4252474333632796,0.7133308237582155,3.357142857142857,1.1861991878384892,3.5,0.5688093040085439
fhl,1.9167168762189992,8.535714285714286,0.8357053139605058,0.893669296405947,0.3872427699812451,1.3443383381156953,0.5677292881497007,2.357142857142857,0.46806623692164784,2.0357142857142856,0.22161199052932298
hl,1.466580353676981,5.964285714285714,0.8646344394759902,0.92039019203272,0.47845734040421306,1.2942770624817455,0.5238074749853203,2.0357142857142856,0.4611662386316233,1.8928571428571428,0.2368991207388213
l,1.5006314486607584,6.0,0.8204384009486317,0.9063450914544522,0.41681349261511846,1.327873250819223,0.5057784537293503,2.2857142857142856,0.43671496189783987,2.107142857142857,0.20048102945855112
none,1.5010926602729515,6.071428571428571,0.8367041572619238,0.9121217458990409,0.4222781788645995,1.3234523677727263,0.5181605730572735,2.5,0.4270299282947724,2.1785714285714284,0.18791615403418968
