Instance,CHE,CC,CTD,CTnCTR,PCS,MCTD,HRHE_i,HRC_i,HRHE_o,HRC_o,CBS
Ground Truth,2.171755963391433,11.571428571428571,0.8042645975005029,0.8581311892264216,0.3338033695098851,1.3713189325014312,0.5452796017636833,2.1785714285714284,0.49217932906990597,2.107142857142857,0.22751552513966342
f,-9.99999499918067e-07,1.0,0.0,0.6799130131059677,0.3480788113041565,1.5038819595426178,-9.99999499918067e-07,1.0,-9.99999499918067e-07,1.0,0.0
fh,-9.99999499918067e-07,1.0,0.0,0.6799130131059677,0.3480788113041565,1.5038819595426178,-9.99999499918067e-07,1.0,-9.99999499918067e-07,1.0,0.0
fhl,1.2846367396991591,4.785714285714286,0.8582613819841978,0.7757026623176847,0.4496259486912724,1.378334153152678,0.44932369293762836,1.8214285714285714,0.3321152357333678,1.7857142857142858,0.12969754297946903
hl,1.3405583148405893,5.107142857142857,0.7984596861647655,0.7852044027854229,0.4293783661534483,1.38311943340185,0.3097048418361213,1.6428571428571428,0.21350884089885286,1.6428571428571428,0.0719226765666394
l,1.4146907862120859,5.25,0.8126650917205394,0.8029689307812539,0.4389324240836068,1.3478813241250722,0.38054472052827126,1.8571428571428572,0.25999875655962745,1.7857142857142858,0.09125637495827676
none,1.4156251578972607,5.25,0.812768924934465,0.8029689307812539,0.43858228402758437,1.3477551989557273,0.38054472052827126,1.8571428571428572,0.25999875655962745,1.7857142857142858,0.09125637495827676
