Instance,CHE,CC,CTD,CTnCTR,PCS,MCTD,HRHE_i,HRC_i,HRHE_o,HRC_o,CBS
Ground Truth,1.4078298876547815,4.9485488126649075,0.9747600046226201,0.7768768216011087,0.40596160802905906,1.4139327283163206,0.4542461252858509,1.970976253298153,0.47479219683564,2.038258575197889,0.2314299420982892
f,1.6038741433736943,8.946808510638299,0.9620134146763997,0.6562618289601613,0.271145281416994,1.5384033246720574,0.6449471320692265,3.0172872340425534,1.2323727656969086,3.867021276595745,0.5861445731287748
fh,1.596756304844411,8.892287234042554,0.9639093155284236,0.6567822482283384,0.27540489180066635,1.538650386467041,0.652683657887412,3.029255319148936,1.2397133281800006,3.8856382978723403,0.5895053506513304
fhl,1.504674169116032,7.509234828496043,0.8367604933806847,0.6757934326993457,0.2898221284477898,1.5274737699022,0.9128958054942762,3.5923482849604222,1.169968512271756,3.8271767810026387,0.5265463919087672
hl,1.3664569275877734,6.072559366754618,0.701775237386583,0.6894999352698712,0.3071442055339816,1.5150661787020592,1.064754497025493,3.778364116094987,1.0566035838076486,3.6820580474934035,0.44396479863940846
l,1.2040294950904107,5.08179419525066,0.6141263494580068,0.6816855416629104,0.29487451495423617,1.521265549594649,1.1097568212356024,3.8931398416886545,0.9327434949190566,3.5237467018469655,0.38133843165354914
none,1.0737061263869918,5.133245382585752,0.4825783587187389,0.6642016687400056,0.2774447637699527,1.529057090237467,0.9483552565968586,3.5118733509234827,0.7403266474133867,3.1015831134564644,0.2977519244191731
