Instance,CHE,CC,CTD,CTnCTR,PCS,MCTD,HRHE_i,HRC_i,HRHE_o,HRC_o,CBS
Ground Truth,1.1598092965823326,4.133333333333334,0.8900991477032875,0.9047157279459109,0.5168205079293183,1.294532569997022,0.6575186609423677,2.3555555555555556,0.4972609627945554,2.0,0.23385868464511145
f,0.6003174277205873,2.2,0.49929500377973385,0.8589772728015522,0.4335751235078721,1.3588605227548542,0.05579385312105968,1.1555555555555554,0.007750846574868839,0.9777777777777777,0.012741192756448286
fh,0.6500286864196175,2.3555555555555556,0.5502794405301217,0.8822903931261478,0.4553179233905976,1.3390530983164384,0.04199357253754458,1.1111111111111112,0.02808709443472418,1.0444444444444445,0.020997126708976667
fhl,0.6784845562959716,2.4,0.5508560250945745,0.8664844012169896,0.4412289768594967,1.3432357523916376,0.03679822456611141,1.0888888888888888,0.007750824352657731,1.0,0.009232420826623726
hl,0.6536611068623286,2.3777777777777778,0.5258436100530748,0.8749152175051389,0.4294952239130607,1.3436393098058315,0.03679822456611141,1.0888888888888888,0.007750824352657731,1.0,0.009232420826623726
l,0.7052942207565691,2.488888888888889,0.5904676070176533,0.8489187945209481,0.46298940114624226,1.3403209118409949,0.09037238771283687,1.2222222222222223,0.020474161506456822,1.0,0.020768887265050946
none,0.6664464568307568,2.422222222222222,0.5841844264934666,0.8393129599651118,0.44831483516737874,1.3461188378411444,0.09067918094644732,1.2222222222222223,0.0077508910192910585,0.9333333333333333,0.022391462220959238
