Instance,CHE,CC,CTD,CTnCTR,PCS,MCTD,HRHE_i,HRC_i,HRHE_o,HRC_o,CBS
Ground Truth,1.4078298876547815,4.9485488126649075,0.9747600046226201,0.7768768216011087,0.40596160802905906,1.4139327283163206,0.4542461252858509,1.970976253298153,0.47479219683564,2.038258575197889,0.2314299420982892
f,0.2984166004340011,1.64332892998679,0.272763274284027,0.727088808930252,0.3656233202495311,1.4735602572688604,0.3811479815996787,1.9854689564068693,0.43014190683672504,2.080581241743725,0.18187779709845706
fh,0.30699783500321237,1.6666666666666667,0.2796072801669092,0.7281763787311146,0.36575940108437816,1.4723486745379908,0.3808328705264699,2.007936507936508,0.4441587668462068,2.117724867724868,0.18875239356730666
fhl,1.2806220739680796,4.700527704485488,0.915120617374126,0.7638201096427877,0.4077692587520729,1.4322139235237532,0.9332076991107897,3.2651715039577835,0.7662320923517796,3.1319261213720315,0.28869109055518644
hl,1.4715838819880251,5.399736147757256,1.0069849840985765,0.7823649081623683,0.4206713704544955,1.4189091505437657,0.8893459025488635,3.12532981530343,0.729822206188364,3.0224274406332454,0.27894601402948943
l,1.6334351068308577,6.348284960422164,1.0310241916875624,0.7788483000820773,0.4098313929152268,1.4217624077436413,0.9750943646866558,3.3350923482849604,0.8207143450618798,3.213720316622691,0.3227338082618887
none,1.6488614926540062,6.477572559366755,1.0117163051858344,0.7924137408601516,0.41655799514966085,1.4139001513452294,0.9258573156931588,3.212401055408971,0.7857987801353781,3.1187335092348283,0.3100411868489863
pre_none,1.6476009325499497,6.461741424802111,1.0108386065124453,0.7925954287508319,0.4163530023905013,1.4143107074142465,0.923968771139997,3.2058047493403694,0.7854018437360606,3.1108179419525066,0.3102187717133048
