Instance,CHE,CC,CTD,CTnCTR,PCS,MCTD,HRHE_i,HRC_i,HRHE_o,HRC_o,CBS
Source,2.171755963391433,11.571428571428571,0.8042645975005029,0.8581311892264216,0.3338033695098851,1.3713189325014312,0.5452796017636833,2.1785714285714284,0.49217932906990597,2.107142857142857,0.22751552513966342
Target,1.1598092965823326,4.133333333333334,0.8900991477032875,0.9047157279459109,0.5168205079293183,1.294532569997022,0.6575186609423677,2.3555555555555556,0.4972609627945554,2.0,0.23385868464511145
f,-9.99999499918067e-07,1.0,0.0,0.6799130131059677,0.3480788113041565,1.5038819595426178,-9.99999499918067e-07,1.0,-9.99999499918067e-07,1.0,0.0
fh,-9.99999499918067e-07,1.0,0.0,0.6799130131059677,0.3480788113041565,1.5038819595426178,-9.99999499918067e-07,1.0,-9.99999499918067e-07,1.0,0.0
fhl,1.22204534514801,4.535714285714286,0.7968677432420225,0.7703842386721927,0.4484036712856319,1.3726405272785966,0.41163986154371607,1.8214285714285714,0.2911550726473253,1.8214285714285714,0.10587226916284853
hl,1.4386115272092266,5.75,0.8080600696251292,0.8044993302961662,0.43384904743537994,1.3655313059878524,0.31733477302325924,1.75,0.211590291095569,1.6785714285714286,0.0718685854908765
l,1.5883567108121528,6.535714285714286,0.862568908001932,0.823740135568157,0.44664212420447413,1.3533139487104255,0.3504771662816259,1.7142857142857142,0.24759044416046763,1.7142857142857142,0.08864341058060651
none,1.587873473477479,6.535714285714286,0.8570772799596919,0.8222291465571681,0.447222806928014,1.3527826037378339,0.3445242891079551,1.7142857142857142,0.2426287675446245,1.7142857142857142,0.08628862251153273
