Instance,CHE,CC,CTD,CTnCTR,PCS,MCTD,HRHE_i,HRC_i,HRHE_o,HRC_o,CBS
Ground Truth,1.1598092965823326,4.133333333333334,0.8900991477032875,0.9047157279459109,0.5168205079293183,1.294532569997022,0.6575186609423677,2.3555555555555556,0.4972609627945554,2.0,0.23385868464511145
f,1.8191656208716909,7.888888888888889,0.6840464902223189,0.7985475854725643,0.3177597057128063,1.4365612081423604,0.6574156976677055,3.311111111111111,1.2191126465478013,3.5555555555555554,0.6070226091151402
fh,1.807699644208728,7.666666666666667,0.6838973452923338,0.8114524383057997,0.3235930664110648,1.4361548394291161,0.640791619773483,3.2444444444444445,1.2218602033778871,3.5555555555555554,0.610242386317709
fhl,1.7055769363779079,7.044444444444444,0.8724499494879765,0.9025068296980221,0.4203078447655218,1.327076345092305,0.6006546680985524,2.3555555555555556,0.49963520765321506,1.9777777777777779,0.2502548674552729
hl,1.3371968384252475,5.044444444444444,0.8945637342417813,0.9214044965484449,0.48081650696608746,1.3034775058229244,0.5656052810869829,2.2222222222222223,0.4593461477658817,1.9777777777777779,0.21956411331878994
l,1.301728993177004,4.866666666666666,0.8742832680704876,0.9236778011452914,0.4624586070716816,1.3046246728302615,0.5796668817337134,2.2888888888888888,0.45830323224131564,1.9555555555555555,0.21781584196896198
none,1.3023947727798295,4.844444444444444,0.8779279929003727,0.9237488120057761,0.46591591933381843,1.302913752042622,0.591502595448191,2.2888888888888888,0.4518484223542489,1.9555555555555555,0.21022599918198653
