Instance,CHE,CC,CTD,CTnCTR,PCS,MCTD,HRHE_i,HRC_i,HRHE_o,HRC_o,CBS
Source,1.1598092965823326,4.133333333333334,0.8900991477032875,0.9047157279459109,0.5168205079293183,1.294532569997022,0.6575186609423677,2.3555555555555556,0.4972609627945554,2.0,0.23385868464511145
Target,2.171755963391433,11.571428571428571,0.8042645975005029,0.8581311892264216,0.3338033695098851,1.3713189325014312,0.5452796017636833,2.1785714285714284,0.49217932906990597,2.107142857142857,0.22751552513966342
f,1.4003263305195337,5.678571428571429,0.5826238750636188,0.8099673059130554,0.3862857749063148,1.4140276522074537,0.8272411377260205,3.4642857142857144,1.1708122814297668,3.5,0.5447110703082042
fh,1.3728717007081355,5.428571428571429,0.5742073973951506,0.8050777982873424,0.3835879874783491,1.421908212764198,0.8235975686555349,3.4285714285714284,1.17171107685955,3.5,0.5457254479913017
fhl,1.8390397218382135,8.035714285714286,0.8684402388394703,0.9121725753736698,0.4504669360072957,1.3109816908829832,0.6808659644737436,2.6785714285714284,0.5846152217140929,2.4285714285714284,0.2810066880089247
hl,1.4304376001691832,5.714285714285714,0.8510896509321215,0.9138066287013842,0.4849084499542574,1.305990759116851,0.556462312736901,2.2142857142857144,0.453973575796756,1.8571428571428572,0.2277398321096347
l,1.356307626255802,5.142857142857143,0.8356003127624229,0.9116273580373705,0.49230641551152665,1.2971316790998542,0.5645608282122574,2.4285714285714284,0.4614281992137851,2.0,0.21982795107840777
none,1.3420342578443063,5.071428571428571,0.850448273517825,0.9021175287482688,0.4864659165267282,1.3074371623952596,0.5286860984216272,2.2857142857142856,0.4398573225374113,1.9285714285714286,0.21036809926252809
