Instance,CHE,CC,CTD,CTnCTR,PCS,MCTD,HRHE_i,HRC_i,HRHE_o,HRC_o,CBS
Ground Truth,2.2026594947013556,11.647058823529411,0.8207642791821912,0.8297087663219738,0.3145323540008595,1.4042449328013056,0.5093103178105957,2.0607210626185957,0.503039849637815,2.127134724857685,0.24261250638997223
f,2.9544560516344007,28.302371541501977,0.9223046360385702,0.5775094322012729,0.14867072169675008,1.5983892812555245,0.37872443260451005,2.58300395256917,1.3101285788932013,3.9446640316205532,0.6443740986271987
fh,2.9153800518884854,27.383399209486164,0.9077200027750737,0.5773601509336873,0.15102500844940323,1.5980244728694364,0.40433438252992304,2.7134387351778657,1.3060688756721552,3.9347826086956523,0.6382956254963256
fhl,2.9925766368027547,27.64666666666667,0.9421888371091728,0.5990529064679835,0.17089626686574796,1.5801854461809797,0.3705225656572632,2.922222222222222,1.3570139737923208,3.951111111111111,0.6897228071166797
hl,2.8548342263112536,25.102756892230577,0.9116778889164816,0.6128527063897152,0.17991238075735055,1.5666661965648292,0.46007921950227165,3.100250626566416,1.3497128810616854,3.9498746867167918,0.6755054295217965
l,3.377846526547661,38.79047619047619,1.0165629544191743,0.5665828006747115,0.13493711729071634,1.6088158228905545,0.34226296983744187,2.9904761904761905,1.3630013234613945,3.966666666666667,0.7542379579411529
none,1.4493092136758727,8.551020408163266,0.5519043745461015,0.5920586679645103,0.19306351176523467,1.592032991935423,1.020148365910944,4.061224489795919,0.8367602044132271,3.510204081632653,0.341498261118712
