Instance,CHE,CC,CTD,CTnCTR,PCS,MCTD,HRHE_i,HRC_i,HRHE_o,HRC_o,CBS
Ground Truth,2.171755963391433,11.571428571428571,0.8042645975005029,0.8581311892264216,0.3338033695098851,1.3713189325014312,0.5452796017636833,2.1785714285714284,0.49217932906990597,2.107142857142857,0.22751552513966342
f,0.9103115500598434,3.892857142857143,0.390558609285085,0.7678773022147591,0.33282475272354717,1.425435288600165,0.30710124184365933,1.75,0.19330695585236127,1.5357142857142858,0.08394012047376957
fh,0.8962951612229245,3.8214285714285716,0.3886714385697875,0.7709778965889383,0.33625988860642014,1.4232505590641897,0.3257625604172727,1.8214285714285714,0.19281778044994866,1.5357142857142858,0.08349193113182192
fhl,0.8873790663860789,3.8214285714285716,0.3689652237696102,0.7654142480275671,0.33552219622035073,1.4254474328609066,0.32261520956459844,1.8214285714285714,0.18747016048447054,1.5,0.08196513693196576
hl,0.9035461628769114,3.857142857142857,0.38611206376828777,0.770304042141499,0.33643588395170415,1.4221463785651844,0.32759209150320956,1.7857142857142858,0.19822682175751805,1.5357142857142858,0.08615255093529886
l,0.8704825418402912,3.7142857142857144,0.39032747638441595,0.7718410924188558,0.3368405797867858,1.422822478529969,0.3235134374098491,1.7857142857142858,0.184605101609612,1.5357142857142858,0.08303078058072962
none,0.9064021052356175,3.9285714285714284,0.3989737725162014,0.7703826584937002,0.3370046865255878,1.4232556927285374,0.30475928813658504,1.7857142857142858,0.17565981888985657,1.4642857142857142,0.08071345993839855
