,confident_fguide_hunique,confident_fguide_funique,confident_hguide_hunique,confident_hguide_funique
f,0.000000,0.696212,6.445455,0.000000
fh,0.000000,0.571970,6.772727,0.000000
fhl,0.021970,2.073485,26.806818,0.000000
fl,0.018939,2.579545,26.412121,0.000000
hl,0.375000,2.026515,27.788636,0.000000
l,0.368939,1.515152,25.784848,0.000000
