,confident_fguide_hunique,confident_fguide_funique,confident_hguide_hunique,confident_hguide_funique
f,0.000000,11.000000,22.590909,0.000000
fh,0.000000,12.818182,25.454545,0.000000
fhl,2.090909,13.795455,32.818182,0.000000
fl,2.363636,13.113636,32.931818,0.000000
hl,3.818182,12.704545,35.431818,0.000000
l,3.045455,12.886364,37.659091,0.000000
