,confident_fguide_hunique,confident_fguide_funique,confident_hguide_hunique,confident_hguide_funique
f,0.000000,0.932576,8.345455,0.000000
fh,0.000000,0.340152,6.236364,0.000000
fhl,0.092424,2.252273,27.214394,0.000000
fl,0.140152,2.533333,26.557576,0.000000
hl,0.880303,2.059091,26.887879,0.000000
l,0.373485,1.711364,27.239394,0.000000
