,confident_fguide_hunique,confident_fguide_funique,confident_hguide_hunique,confident_hguide_funique
f,0.000000,11.386364,31.886364,0.000000
fh,0.000000,10.977273,28.227273,0.000000
fhl,0.431818,7.227273,31.454545,0.000000
fl,1.295455,8.000000,30.204545,0.000000
hl,1.909091,10.613636,33.795455,0.000000
l,3.704545,9.795455,33.022727,0.000000
