,confident_fguide_hunique,confident_fguide_funique,confident_hguide_hunique,confident_hguide_funique
f,0.000000,51.464286,6.642857,0.000000
fh,0.000000,55.678571,7.428571,0.000000
fhl,0.535714,48.571429,25.785714,0.178571
fl,0.142857,47.000000,26.892857,0.107143
hl,0.857143,44.357143,25.214286,0.357143
l,0.821429,50.357143,27.642857,0.178571
