,confident_fguide_hunique,confident_fguide_funique,confident_hguide_hunique,confident_hguide_funique
f,0.000000,0.011364,28.234848,0.000000
fh,0.000000,0.474242,23.822727,0.000000
fhl,2.013636,6.488636,39.625758,0.042424
fl,1.617424,4.817424,39.353788,0.060606
hl,10.528788,2.990152,40.368939,0.048485
l,9.039394,3.028788,32.609091,0.000000
