,confident_fguide_hunique,confident_fguide_funique,confident_hguide_hunique,confident_hguide_funique
f,0.000000,10.607143,1.142857,0.000000
fh,0.000000,11.071429,0.571429,0.000000
fhl,0.000000,19.285714,2.285714,0.000000
fl,0.000000,15.964286,4.107143,0.000000
hl,0.250000,18.535714,3.571429,0.000000
l,0.714286,18.500000,6.428571,0.107143
