,confident_fguide_hunique,confident_fguide_funique,confident_hguide_hunique,confident_hguide_funique
f,0.000000,26.509524,0.000000,0.000000
fh,0.000000,21.775000,0.650000,0.000000
fhl,0.000000,27.747619,14.011905,0.145238
fl,0.009524,27.340476,11.659524,0.130952
hl,0.900000,17.830952,11.058333,0.078571
l,0.754762,10.760714,11.451190,0.038095
