,confident_fguide_hunique,confident_fguide_funique,confident_hguide_hunique,confident_hguide_funique
f,0.000000,41.490476,4.590476,0.000000
fh,0.000000,40.077381,4.589286,0.000000
fhl,0.290476,33.053571,15.871429,0.251190
fl,0.150000,34.804762,14.073810,0.273810
hl,1.619048,19.625000,14.457143,0.694048
l,2.690476,15.047619,13.353571,1.313095
