,confident_fguide_hunique,confident_fguide_funique,confident_hguide_hunique,confident_hguide_funique
f,0.000000,4.623485,41.362121,0.000000
fh,0.000000,4.267424,41.746970,0.000000
fhl,8.078030,7.454545,43.215909,0.103030
fl,7.984091,6.428030,43.099242,0.075000
hl,25.329545,2.524242,43.523485,0.143182
l,29.956061,1.735606,43.615909,0.184091
