,0_foreign_loss,1_home_loss,2_no2home_loss,3_no2foreign_loss
fhl_0_1,0.022798,0.029988,0.203812,0.436281
fhl_0_15,0.023156,0.029571,0.203812,0.439162
fhl_0_2,0.024799,0.030472,0.203812,0.439040
l_loss,0.304893,0.151874,0.203812,0.438944
f_loss,0.000491,0.002390,0.203812,0.433181
