,0_foreign_loss,1_home_loss,2_no2home_loss,3_no2foreign_loss
f,0.001179,0.000989,0.204868,0.449188
fh,0.001514,0.001198,0.204868,0.449453
fhl,0.027869,0.039023,0.204868,0.451320
fl,0.029467,0.044946,0.204868,0.449734
hl,0.049835,0.041859,0.204868,0.451047
l,0.299808,0.196087,0.204868,0.449334
