,0_foreign_loss,1_home_loss,2_no2home_loss,3_no2foreign_loss
f,0.000550,0.001922,0.298230,0.546289
fh,0.000455,0.002223,0.298230,0.552482
fhl,0.003242,0.005680,0.298230,0.554447
fl,0.004650,0.023051,0.298230,0.547201
hl,0.006090,0.013576,0.298230,0.553377
l,0.269806,0.267388,0.298230,0.552779
