,0_foreign_loss,1_home_loss,2_no2home_loss,3_no2foreign_loss
fhl_0_1,0.051937,0.019031,0.120701,0.402183
fhl_0_15,0.056151,0.017765,0.120582,0.402525
fhl_0_2,0.063965,0.017833,0.121180,0.406036
l_loss,0.297591,0.150196,0.120923,0.405486
