,0_foreign_loss,1_home_loss,2_no2home_loss,3_no2foreign_loss
f,0.343075,0.274228,0.521497,0.680327
fh,0.445039,0.400421,0.521497,0.682605
fhl,0.602033,0.433817,0.521497,0.681080
fl,0.348490,0.230638,0.521497,0.687021
hl,0.411166,0.274062,0.521497,0.683339
l,0.681177,0.533690,0.521497,0.681280
