,0_foreign_loss,1_home_loss,2_no2home_loss,3_no2foreign_loss
f,0.002345,0.000641,0.121036,0.403432
fh,0.002376,0.000646,0.120905,0.404508
fhl,0.038058,0.018963,0.120574,0.405179
fl,0.034978,0.019012,0.121205,0.402445
hl,0.143021,0.015929,0.120788,0.402674
l,0.299330,0.147794,0.120425,0.407065
