,0_foreign_loss,1_home_loss,2_no2home_loss,3_no2foreign_loss
f,0.000638,0.001382,0.298230,0.550736
fh,0.000570,0.001292,0.298230,0.546063
fhl,0.039255,0.082479,0.298230,0.551204
fl,0.054197,0.116854,0.298230,0.550747
hl,0.064238,0.094344,0.298230,0.546651
l,0.260728,0.275686,0.298230,0.547010
