,0_foreign_loss,1_home_loss,2_no2home_loss,3_no2foreign_loss
f,0.000542,0.001922,0.298230,0.554232
fh,0.000460,0.002223,0.298230,0.552462
fhl,0.003233,0.005680,0.298230,0.553653
fl,0.004544,0.023051,0.298230,0.547711
hl,0.006251,0.013576,0.298230,0.550242
l,0.273528,0.267388,0.298230,0.551552
