,0_foreign_loss,1_home_loss,2_no2home_loss,3_no2foreign_loss
f,0.001592,0.000857,0.332814,0.557296
fh,0.001480,0.000903,0.333887,0.556708
fhl,0.114395,0.033848,0.334450,0.557441
fl,0.136762,0.059807,0.333879,0.555083
hl,0.176270,0.038195,0.334510,0.550061
l,0.388370,0.225248,0.334384,0.554243
