,0_foreign_loss,1_home_loss,2_no2home_loss,3_no2foreign_loss
f,0.000644,0.001764,0.213071,0.449966
fh,0.000492,0.001561,0.213071,0.447650
fhl,0.009380,0.021105,0.213071,0.445317
fl,0.009251,0.026786,0.213071,0.446723
hl,0.046304,0.035517,0.213071,0.452598
l,0.282168,0.146232,0.213071,0.450182
