,0_foreign_loss,1_home_loss,2_no2home_loss,3_no2foreign_loss
fhl,0.068749,0.017914,0.120351,0.402264
l,0.302295,0.150271,0.120651,0.409369
