,0_foreign_loss,1_home_loss,2_no2home_loss,3_no2foreign_loss
f,0.000817,0.001382,0.298230,0.589955
fh,0.000783,0.001292,0.298230,0.587000
fhl,0.040588,0.082479,0.298230,0.589065
fl,0.053475,0.116854,0.298230,0.588338
hl,0.067572,0.094344,0.298230,0.585072
l,0.277854,0.275686,0.298230,0.583929
