,0_foreign_loss,1_home_loss,2_no2home_loss,3_no2foreign_loss
f,0.000643,0.002387,0.203812,0.441693
fh,0.000649,0.002302,0.203812,0.438733
fhl,0.019926,0.028653,0.203812,0.438048
fl,0.019266,0.029469,0.203812,0.444773
hl,0.061263,0.039564,0.203812,0.437150
l,0.308775,0.151299,0.203812,0.437486
