,4_home_logits_loss,5_foreign_logits_loss,6_no2home_logits_loss,7_home_acc,8_foreign_acc,9_no2home_acc
f,2.191820,3.734920,0.939552,0.411544,0.249081,0.782169
fh,2.277006,3.808065,0.938034,0.404574,0.242112,0.782566
fhl,0.471653,2.247092,0.935584,0.864934,0.494555,0.783466
fl,0.471315,2.099122,0.933421,0.865890,0.507074,0.783182
hl,0.549047,1.193175,0.938430,0.856288,0.714905,0.782216
l,0.593962,1.169298,0.938671,0.843920,0.736098,0.781970
