,4_home_logits_loss,5_foreign_logits_loss,6_no2home_logits_loss,7_home_acc,8_foreign_acc,9_no2home_acc
f,4.190432,8.860868,4.399300,0.290179,0.024688,0.325446
fh,4.299755,8.995608,4.399300,0.293304,0.016920,0.325446
fhl,2.952037,8.523268,4.399300,0.491071,0.241429,0.325446
fl,2.922544,8.169445,4.399300,0.491071,0.241190,0.325446
hl,3.217024,7.000037,4.399300,0.483929,0.262932,0.325446
l,3.273727,6.142971,4.399300,0.491964,0.271488,0.325446
