,4_home_logits_loss,5_foreign_logits_loss,6_no2home_logits_loss,7_home_acc,8_foreign_acc,9_no2home_acc
f,3.038918,4.719861,1.040358,0.388352,0.059943,0.671875
fh,2.989105,4.468803,1.040358,0.391193,0.084375,0.671875
fhl,0.523882,2.512358,1.040358,0.833523,0.385227,0.671875
fl,0.454175,2.447365,1.040358,0.848864,0.398011,0.671875
hl,0.445024,2.458797,1.040358,0.853693,0.400568,0.671875
l,0.374792,2.371856,1.040358,0.875284,0.467045,0.671875
