,4_home_logits_loss,5_foreign_logits_loss,6_no2home_logits_loss,7_home_acc,8_foreign_acc,9_no2home_acc
fhl_0_1,3.439471,9.362883,5.300917,0.458929,0.239405,0.319196
fhl_0_15,3.420256,8.962329,5.300917,0.456696,0.243423,0.319196
fhl_0_2,3.462581,8.702076,5.300917,0.449554,0.245804,0.319196
l_loss,3.934046,6.312577,5.300917,0.428571,0.273527,0.319196
