,4_home_logits_loss,5_foreign_logits_loss,6_no2home_logits_loss,7_home_acc,8_foreign_acc,9_no2home_acc
f,4.375707,9.759695,5.300917,0.287946,0.022664,0.319196
fh,4.394615,9.764584,5.300917,0.279464,0.018408,0.319196
fhl,3.260621,9.586045,5.300917,0.479018,0.241518,0.319196
fl,3.209506,9.525926,5.300917,0.475000,0.239449,0.319196
hl,3.719109,7.149618,5.300917,0.434821,0.272262,0.319196
l,3.934046,6.346091,5.300917,0.428571,0.274092,0.319196
