,4_home_logits_loss,5_foreign_logits_loss,6_no2home_logits_loss,7_home_acc,8_foreign_acc,9_no2home_acc
f,2.104949,3.790719,0.832481,0.413759,0.230956,0.777595
fh,2.163153,3.841142,0.831993,0.407424,0.236733,0.777945
fhl,0.406319,2.394266,0.831669,0.877576,0.438267,0.777936
fl,0.401921,2.336823,0.831710,0.879754,0.435653,0.778324
hl,0.449287,1.482054,0.832362,0.865748,0.633049,0.777737
l,0.489848,1.364510,0.835872,0.865473,0.668068,0.776903
