,4_home_logits_loss,5_foreign_logits_loss,6_no2home_logits_loss,7_home_acc,8_foreign_acc,9_no2home_acc
f,4.504986,7.800836,4.133460,0.177232,0.021875,0.282589
fh,4.189559,7.808543,4.133460,0.207589,0.020089,0.282589
fhl,2.731711,7.443077,4.133460,0.454911,0.223214,0.282589
fl,2.639492,7.291569,4.133460,0.487946,0.229464,0.282589
hl,2.565379,7.514539,4.133460,0.502232,0.237054,0.282589
l,2.531818,8.019259,4.133460,0.499107,0.249107,0.282589
