,4_home_logits_loss,5_foreign_logits_loss,6_no2home_logits_loss,7_home_acc,8_foreign_acc,9_no2home_acc
f,4.552278,7.733361,4.133460,0.156250,0.023661,0.282589
fh,4.527724,7.739667,4.133460,0.162946,0.021875,0.282589
fhl,2.559190,8.430777,4.133460,0.503571,0.229911,0.282589
fl,2.519857,8.592718,4.133460,0.494196,0.229464,0.282589
hl,2.577659,8.308606,4.133460,0.493750,0.249107,0.282589
l,2.506632,8.248009,4.133460,0.506250,0.225000,0.282589
