,4_home_logits_loss,5_foreign_logits_loss,6_no2home_logits_loss,7_home_acc,8_foreign_acc,9_no2home_acc
f,3.017812,4.761075,1.038345,0.389470,0.057746,0.672216
fh,2.910960,4.768636,1.037989,0.389062,0.069536,0.671809
fhl,0.387783,3.400760,1.039267,0.868845,0.318835,0.671307
fl,0.384924,3.674551,1.037892,0.867689,0.310265,0.671894
hl,0.380012,2.914856,1.038991,0.870511,0.357689,0.670795
l,0.377987,3.136264,1.039222,0.872652,0.341866,0.671307
