,4_home_logits_loss,5_foreign_logits_loss,6_no2home_logits_loss,7_home_acc,8_foreign_acc,9_no2home_acc
f,2.232665,3.815308,0.936852,0.411080,0.244943,0.782292
fh,2.250495,3.842620,0.936414,0.411364,0.241998,0.782869
fhl,0.473663,2.229863,0.937541,0.861790,0.496080,0.782538
fl,0.473721,2.088174,0.936937,0.859621,0.504318,0.782831
hl,0.559953,1.213680,0.935600,0.850000,0.709460,0.783097
l,0.622582,1.162063,0.936054,0.853229,0.735038,0.783040
