,4_home_logits_loss,5_foreign_logits_loss,6_no2home_logits_loss,7_home_acc,8_foreign_acc,9_no2home_acc
f,3.038918,4.674801,1.040358,0.388352,0.078125,0.671875
fh,2.989105,4.449622,1.040358,0.391193,0.068750,0.671875
fhl,0.523882,2.569749,1.040358,0.833523,0.373011,0.671875
fl,0.454175,2.548727,1.040358,0.848864,0.389205,0.671875
hl,0.445024,2.361623,1.040358,0.853693,0.399432,0.671875
l,0.374792,2.548786,1.040358,0.875284,0.442898,0.671875
