,4_home_logits_loss,5_foreign_logits_loss,6_no2home_logits_loss,7_home_acc,8_foreign_acc,9_no2home_acc
f,2.231301,3.785813,0.936100,0.410682,0.243608,0.782500
fh,2.251604,3.820923,0.935474,0.410786,0.246468,0.783116
fhl,0.474347,2.267289,0.936146,0.861676,0.486970,0.782888
fl,0.474717,2.046334,0.937143,0.859006,0.509451,0.783125
hl,0.560201,1.202799,0.938272,0.849280,0.712102,0.782254
l,0.618809,1.141825,0.931407,0.853807,0.738466,0.784186
