,4_home_logits_loss,5_foreign_logits_loss,6_no2home_logits_loss,7_home_acc,8_foreign_acc,9_no2home_acc
f,2.432354,3.874803,0.936221,0.405019,0.147434,0.787727
fh,2.311355,3.848807,0.929709,0.405170,0.148485,0.789233
fhl,0.453429,2.542291,0.931804,0.871629,0.457528,0.788542
fl,0.463819,2.321789,0.932521,0.862765,0.467244,0.788617
hl,0.458132,1.522592,0.933589,0.870606,0.633797,0.788125
l,0.479953,1.765319,0.931517,0.863049,0.614763,0.789044
