,4_home_logits_loss,5_foreign_logits_loss,6_no2home_logits_loss,7_home_acc,8_foreign_acc,9_no2home_acc
f,9.018133,7.970538,11.165550,0.240625,0.236719,0.259375
fh,8.914660,8.967319,11.165550,0.147656,0.162500,0.259375
fhl,9.733500,10.363372,11.165550,0.269531,0.258594,0.259375
fl,6.224945,6.876826,11.165550,0.206250,0.152344,0.259375
hl,7.547479,8.239039,11.165550,0.267188,0.221094,0.259375
l,10.610600,10.443727,11.165550,0.269531,0.261719,0.259375
