,4_home_logits_loss,5_foreign_logits_loss,6_no2home_logits_loss,7_home_acc,8_foreign_acc,9_no2home_acc
fhl_0_1,0.490363,1.979887,0.938032,0.861951,0.543854,0.782424
fhl_0_15,0.510358,1.864637,0.934620,0.858295,0.563419,0.782680
fhl_0_2,0.512474,1.661861,0.937425,0.858826,0.601326,0.782841
l_loss,0.594158,1.159482,0.937478,0.844375,0.736136,0.782443
f_loss,2.189864,3.741360,0.939041,0.411515,0.240900,0.782216
