,4_home_logits_loss,5_foreign_logits_loss,6_no2home_logits_loss,7_home_acc,8_foreign_acc,9_no2home_acc
f,4.552278,7.749627,4.133460,0.156250,0.018006,0.282589
fh,4.527724,7.667899,4.133460,0.162946,0.022783,0.282589
fhl,2.559190,8.292503,4.133460,0.503571,0.235878,0.282589
fl,2.519857,8.330149,4.133460,0.494196,0.234836,0.282589
hl,2.577659,7.921823,4.133460,0.493750,0.245417,0.282589
l,2.506632,7.788270,4.133460,0.506250,0.239613,0.282589
