,4_home_logits_loss,5_foreign_logits_loss,6_no2home_logits_loss,7_home_acc,8_foreign_acc,9_no2home_acc
f,3.022890,4.643622,1.040358,0.387216,0.063636,0.671875
fh,2.918027,4.598730,1.040358,0.386364,0.078977,0.671875
fhl,0.386055,2.813745,1.040358,0.870739,0.404830,0.671875
fl,0.382570,2.873647,1.040358,0.868750,0.415909,0.671875
hl,0.376676,2.519482,1.040358,0.872159,0.423011,0.671875
l,0.377872,2.650008,1.040358,0.873580,0.433807,0.671875
