,fguide_hunique,fguide_funique,hguide_hunique,hguide_funique,foreign_strength,home_strength
f,0.028097,3.112641,1.498582,0.239557,110.783415,6.255637
fh,0.030574,3.067842,1.453867,0.237539,100.342075,6.120537
fhl,0.044417,2.454882,1.813306,0.123756,55.268739,14.652285
fl,0.036604,2.511354,1.793984,0.123710,68.608085,14.501503
hl,0.211497,1.846046,1.527357,0.192035,8.728452,7.953517
l,0.395094,1.474533,1.446203,0.231537,3.732112,6.246103
