,fguide_hunique,fguide_funique,hguide_hunique,hguide_funique,foreign_strength,home_strength
f,0.252028,1.692714,3.289106,0.015827,6.716371,207.821423
fh,0.253141,1.646246,3.276867,0.016485,6.503282,198.778420
fhl,0.690461,1.190997,2.511711,0.022137,1.724930,113.461631
fl,0.682491,1.265082,2.508517,0.021911,1.853623,114.487776
hl,1.376938,0.695738,2.504851,0.019784,0.505279,126.611439
l,1.271553,0.764773,2.429092,0.025525,0.601448,95.164928
