,fguide_hunique,fguide_funique,hguide_hunique,hguide_funique,foreign_strength,home_strength
f,0.086577,2.970168,1.389611,0.268572,34.306595,5.174081
fh,0.076396,3.048757,1.490635,0.268135,39.907503,5.559264
fhl,0.053523,2.602331,1.969108,0.066325,48.620870,29.688685
fl,0.041037,2.572722,1.952674,0.048508,62.692180,40.254832
hl,0.070613,2.481547,1.903279,0.062866,35.142768,30.275296
l,0.062575,2.740638,2.060774,0.051230,43.797662,40.225913
