,fguide_hunique,fguide_funique,hguide_hunique,hguide_funique,foreign_strength,home_strength
f,0.027758,3.093992,1.491520,0.246454,111.462562,6.051926
fh,0.032092,3.077096,1.507824,0.233435,95.883656,6.459290
fhl,0.043846,2.430960,1.810709,0.121278,55.443656,14.930283
fl,0.036385,2.517509,1.788971,0.123307,69.191163,14.508261
hl,0.213312,1.857166,1.543153,0.200169,8.706316,7.709256
l,0.408812,1.467746,1.440338,0.234104,3.590273,6.152550
