,fguide_hunique,fguide_funique,hguide_hunique,hguide_funique,foreign_strength,home_strength
f,0.213048,1.462443,2.890923,0.087040,6.864369,33.213576
fh,0.206278,1.448615,2.872613,0.081762,7.022647,35.133811
fhl,0.151891,1.628468,2.490196,0.017285,10.721322,144.070074
fl,0.177697,1.688786,2.529366,0.015407,9.503728,164.169122
hl,0.285163,1.545795,2.489984,0.013771,5.420740,180.817329
l,0.291407,1.651626,2.521141,0.010910,5.667763,231.091574
