,fguide_hunique,fguide_funique,hguide_hunique,hguide_funique,foreign_strength,home_strength
f,0.212952,1.489557,2.866807,0.091968,6.994794,31.171707
fh,0.207624,1.497044,2.927869,0.084858,7.210359,34.503029
fhl,0.217057,1.675953,2.525691,0.013581,7.721260,185.966502
fl,0.188705,1.683937,2.519280,0.012378,8.923645,203.531333
hl,0.328978,1.593611,2.476877,0.011646,4.844133,212.682435
l,0.270224,1.672433,2.523567,0.009069,6.189071,278.277667
