,fguide_hunique,fguide_funique,hguide_hunique,hguide_funique,foreign_strength,home_strength
f,0.015156,3.294205,1.702607,0.253459,217.356361,6.717476
fh,0.017775,3.292533,1.651490,0.263580,185.233629,6.265605
fhl,0.052309,2.427574,1.869227,0.101791,46.408118,18.363420
fl,0.031748,2.528439,1.866455,0.087103,79.639939,21.428252
hl,0.159893,2.107857,1.738677,0.139449,13.182923,12.468165
l,0.260958,1.804822,1.793272,0.114787,6.916147,15.622562
