,fguide_hunique,fguide_funique,hguide_hunique,hguide_funique,foreign_strength,home_strength
f,0.012947,3.288899,1.749249,0.259304,254.024898,6.745935
fh,0.014689,3.303819,1.637162,0.252924,224.914698,6.472949
fhl,0.026575,2.559733,1.964365,0.086009,96.320825,22.838997
fl,0.025878,2.589944,1.934469,0.092399,100.082003,20.935983
hl,0.162383,2.142958,1.779477,0.121521,13.196971,14.643370
l,0.194217,1.966024,1.817440,0.092651,10.122837,19.616012
