,fguide_hunique,fguide_funique,hguide_hunique,hguide_funique,foreign_strength,home_strength
f,0.194413,1.492783,1.996466,0.100230,7.678402,19.918831
fh,0.193921,1.488258,1.858570,0.106491,7.674571,17.452800
fhl,0.165754,1.281014,1.719802,0.035626,7.728411,48.273147
fl,0.193452,1.225688,1.621508,0.026266,6.335891,61.733922
hl,0.233625,1.313020,1.826490,0.030967,5.620191,58.981762
l,0.256554,1.188511,1.722587,0.012489,4.632604,137.932898
