,fguide_hunique,fguide_funique,hguide_hunique,hguide_funique,foreign_strength,home_strength
f,0.067087,2.981770,1.352541,0.230361,44.446164,5.871399
fh,0.074031,3.133339,1.492087,0.245148,42.324624,6.086471
fhl,0.034255,2.502641,1.499249,0.139944,73.059614,10.713193
fl,0.050318,2.492552,1.613452,0.097929,49.535672,16.475675
hl,0.055757,2.516766,1.657834,0.089273,45.138247,18.570356
l,0.066534,2.643194,2.003587,0.044343,39.727238,45.183723
