,0_foreign_loss,1_home_loss,2_no2home_loss,3_no2foreign_loss
f,0.000303,0.000298,0.028112,0.194100
fh,0.000208,0.000207,0.028112,0.195291
fhl,0.022681,0.016629,0.028112,0.195401
fl,0.028106,0.080336,0.028112,0.194996
hl,0.043765,0.021982,0.028112,0.194684
l,0.166664,0.072710,0.028112,0.195056
