,fguide_hunique,fguide_funique,hguide_hunique,hguide_funique,foreign_strength,home_strength
f,4.257139,31.985325,30.961247,4.606441,7.513339,6.721295
fh,4.811000,34.208476,33.659616,4.880002,7.110471,6.897459
fhl,17.068903,24.293600,31.392172,7.845330,1.423267,4.001383
fl,12.657997,26.926594,31.270657,8.582205,2.127240,3.643662
hl,28.806368,11.546141,32.124130,8.380501,0.400819,3.833199
l,30.327499,9.821317,32.035669,8.469938,0.323842,3.782279
