,confident_fguide_hunique,confident_fguide_funique,confident_hguide_hunique,confident_hguide_funique
f,0.116967,10.161745,9.700035,0.128906
fh,0.211070,10.922449,10.725349,0.155301
fhl,4.202154,9.095758,13.325256,1.596001
fl,0.884843,8.831502,14.364274,2.438957
hl,13.109640,3.185845,15.217095,2.348318
l,14.978813,3.223980,16.080773,2.887933
