,CHE,CC,CTD,HRHE_i,HRC_i,HRHE_o,HRC_o,CBS,CTnCTR,PCS,MCTD
none,-8.237331312607612e+26,-2.535301200456459e+28,-3.5928246634024245e+26,3.113544920378653e+27,6.338253001141147e+27,2.0547321398340904e+27,0.0,1.8310508669963315e+27,4.455191893960499e+26,-1.3551817141170933e+27,-1.0015809406519344e+26
f,-4.3364637347797293e+27,-2.535301200456459e+28,1.8581057758874354e+27,-3.45811010762795e+27,-6.338253001141147e+27,-4.025581562803786e+27,-1.2676506002282294e+28,5.0303595247151995e+26,1.1028095881106352e+26,1.5528719852795807e+27,1.0251801533413109e+27
fh,-7.888164246357214e+27,-4.436777100798803e+28,1.2782329101309293e+27,8.219308331427078e+26,0.0,1.4181337906656766e+27,0.0,-4.7273769921261015e+26,9.519521748840342e+26,5.05007096485907e+26,6.74717919512869e+26
fhl,1.7427793838114705e+27,6.338253001141147e+27,-1.2612793745716783e+27,3.678891750537543e+26,0.0,1.9305437557616253e+27,0.0,1.5775207469506856e+27,7.761126123846303e+26,8.235417164748012e+26,9.511583711002764e+26
hl,-3.7220937043167854e+27,-1.901475900342344e+28,-1.815438004001659e+27,-1.8002110275595004e+27,6.338253001141147e+27,-2.7925326102016797e+27,0.0,-1.7286144548566763e+27,1.2291376214236252e+26,9.931735471873594e+26,5.247741973156773e+26
l,-1.1434324637612743e+27,-1.2676506002282294e+28,3.161288585786646e+27,1.5938549989657e+24,0.0,1.4969352346076682e+26,0.0,-1.4405120457138958e+26,7.67763626132924e+26,5.322138636166917e+26,5.799375209619002e+26
