,CHE,CC,CTD,HRHE_i,HRC_i,HRHE_o,HRC_o,CBS,CTnCTR,PCS,MCTD
none,-1.041166353512949,-8.08,0.0008204128553454349,0.04049092933678213,0.11,-0.005836967147387473,-0.14,0.002269671856560498,-0.043015590709867144,-0.13142826000673852,-0.07974436323088638
f,-0.7713587894008828,-6.47,0.07099238090680038,0.0020018222756670945,0.34,0.001299456033313502,-0.09,0.0005123647024121048,-0.0411041336542813,-0.16013260117489786,-0.06393775214497913
fh,-0.7050527761542774,-6.03,0.09538416551409692,-0.05641631498999207,0.32,0.05953233148485762,0.02,0.02831881905245862,-0.04152354376193857,-0.15647793534927978,-0.06599034507713895
fhl,-0.9107417217477711,-7.27,-0.003643676369295272,0.005659804582541727,0.12,-0.0012605987487246495,-0.2,0.012178416866000194,-0.04598596461346952,-0.15551785932390375,-0.06198180804131328
hl,-0.8795582589727823,-6.4,0.028881149653155785,0.022638932086086295,0.26,0.038436900064095204,-0.01,0.011147888258648146,-0.04799164867075532,-0.14169725924905227,-0.07381280458591961
l,-0.9012277008079238,-6.5,0.011920214998292872,0.09042604686309585,0.17,0.061875774624275036,-0.04,0.04146711837565181,-0.03448591772068589,-0.13616955318426963,-0.06270679020288603
