,CHE,CC,CTD,HRHE_i,HRC_i,HRHE_o,HRC_o,CBS,CTnCTR,PCS,MCTD
none,-0.9558824981332731,-6.64,0.03335118457060215,0.10189990240961917,0.35,0.06322030009473639,0.0,0.03469488361515852,-0.07042428771694689,-0.13467514474901157,-0.07215382719126544
f,-0.9249786011219154,-7.43,0.06519471146364408,0.006362927725171428,0.26,0.04285117702037916,0.05,0.01590556871043985,-0.04439836988721309,-0.18691408504205964,-0.080365155922711
fh,-0.9031970987531567,-6.63,0.08404222872424533,-0.03252410502944142,0.38,0.0587631272431354,0.01,0.03272029215502258,-0.048840184875932474,-0.16339464001754256,-0.06471333040214612
fhl,-0.7645392679046324,-5.66,0.01988400365512014,0.08755102319804418,0.3,0.012293598306447046,-0.06,0.010314151313929836,-0.042598483217707726,-0.1232826743437428,-0.0575457262732835
hl,-0.8575994724012229,-6.8,0.04144073750407317,0.11402004581852176,0.36,0.045886731720668476,-0.02,0.013324923308987283,-0.04771467950120276,-0.1368306419830816,-0.06765847663209232
l,-0.9790771526662447,-7.47,0.005925924309496637,0.08759204735472377,0.25,-0.011054577879424252,-0.16,0.006229401019417766,-0.047406874009585695,-0.12286593071603612,-0.0702094333953605
