,CHE,CC,CTD,HRHE_i,HRC_i,HRHE_o,HRC_o,CBS,CTnCTR,PCS,MCTD
none,0.5394427514423922,4.35,-0.07183347651621826,-0.06350282485922154,-0.39,-0.12196546225689676,-0.06,-0.08898698371576205,0.006997527519043848,0.03327683938165065,0.027979809459976353
f,0.8912105923223993,6.73,-0.1007630675396188,0.04428822509742151,-0.54,-0.043181245339766486,0.02,-0.028646617204355847,0.04840945671335377,0.1827626231384043,0.08160751141615935
fh,1.0095170468930517,7.43,-0.05195526931446201,0.08620105155992648,-0.28,-0.03930197624049061,0.03,-0.022445147561072912,0.04427245629172809,0.16856073392181972,0.0730740385546838
fhl,0.9217016396231993,6.46,-0.07977744566721148,0.06736310127412684,-0.49,-0.05276093680134783,-0.01,-0.037425653432096924,0.0396539926528376,0.15450407591822696,0.058970713773095
hl,0.9367008176239942,6.84,-0.052711147931944084,0.04287471036440051,-0.31,0.0015763608409213015,0.09,-0.0013410845928252296,0.027879830628475294,0.10259824014013834,0.04588707354429733
l,0.4592840630822346,4.07,-0.05897177201731304,-0.025722645904048446,-0.44,-0.06765104184054267,-0.09,-0.05035406012221877,0.004051741588018563,0.02338976643509282,0.01708307737025815
