,CHE,CC,CTD,HRHE_i,HRC_i,HRHE_o,HRC_o,CBS,CTnCTR,PCS,MCTD
none,0.8767936253166226,6.44,-0.023457285148405203,0.013173996213037916,-0.44,-0.04682816443345241,-0.01,-0.03261144143727229,0.03951303982508703,0.129814251453382,0.049143591651842504
f,0.8497580643087373,6.33,-0.08800875492783854,0.11591119485698112,-0.5,-0.0475603518533644,-0.1,-0.013766921122059723,0.045649278968613094,0.17911792753390707,0.07842620649261446
fh,1.0656860300236017,8.24,0.016820873190175854,0.04516155442522541,-0.4,0.03886543006985235,0.22,0.014321179874893763,0.06686534352007793,0.1797107011838837,0.08237250254114387
fhl,1.0451011461378932,7.87,-0.024326760404449973,0.09513699057125397,-0.36,0.02002639918330008,0.13,0.0015146776596841815,0.043706742593925284,0.16084236680889538,0.06775503541000162
hl,0.9306474361887789,6.78,-0.034842175725587135,0.0645840099407493,-0.42,0.013514039365817297,0.08,-0.0027567623139411906,0.027209150291172938,0.11642840529159296,0.04422021472465747
l,0.9012946710312086,6.67,-0.03246482775785365,0.09579280646167873,-0.25,-0.027855806067076078,0.07,-0.024946518566942456,0.033135775478467765,0.11367488123077375,0.04527338439348018
