,CHE,CC,CTD,HRHE_i,HRC_i,HRHE_o,HRC_o,CBS,CTnCTR,PCS,MCTD
none,6.875942782456617e+27,5.704427701027032e+28,1.1523124282842679e+27,4.29455744072419e+26,0.0,-1.291715876856297e+26,6.338253001141147e+27,9.474020275389925e+26,-1.6169012758012972e+25,1.5254374135616598e+27,6.769094888317027e+26
f,-1.4743933114477407e+27,6.338253001141147e+27,-1.4748727356061374e+27,2.7626773198744807e+27,6.338253001141147e+27,2.0052468483358067e+27,0.0,5.5257592577943635e+26,-7.569749573555384e+26,-3.856303787944328e+26,-6.819914462346747e+26
fh,1.4136623861886384e+28,9.50737950171172e+28,1.0538713104096656e+27,5.601175363965611e+25,0.0,6.114403457794809e+26,0.0,9.82937631193012e+26,9.219277092568938e+26,8.342266937047941e+25,4.249654302030823e+26
fhl,3.1182856176228183e+27,1.2676506002282294e+28,3.5213063669279497e+27,2.3256570889017802e+27,6.338253001141147e+27,4.3180282173692297e+27,6.338253001141147e+27,2.68156857740587e+27,1.0096332214207139e+27,-9.963474656083087e+26,-3.2605147586364275e+26
hl,-3.6987363503495264e+27,-2.535301200456459e+28,-1.36707666511487e+27,4.235521580822429e+27,6.338253001141147e+27,3.2619956320895975e+27,6.338253001141147e+27,1.3343690528718204e+27,1.837174782939464e+26,-1.5971766890935275e+27,-1.0435375394051012e+27
l,6.627514041197153e+27,5.070602400912918e+28,-1.994217235140002e+26,7.521840050032378e+26,6.338253001141147e+27,2.923095204943045e+27,0.0,1.916507330384576e+27,3.597514772865777e+26,-5.278195833785738e+26,-8.17943611787091e+26
